"accession","species","Species"
"FJ660823","Allothereua maculata","Allothereua maculata"
"FJ660824","Allothereua maculata","Allothereua maculata"
"FJ660825","Allothereua maculata","Allothereua maculata"
"FJ660826","Allothereua maculata","Allothereua maculata"
"FJ660827","Allothereua maculata","Allothereua maculata"
"JN306671","Clinopodes flavidus","Clinopodes flavidus"
"MH816987","Clinopodes flavidus","Clinopodes flavidus"
"MH816988","Clinopodes flavidus","Clinopodes flavidus"
"MH816989","Clinopodes flavidus","Clinopodes flavidus"
"MH816990","Clinopodes flavidus","Clinopodes flavidus"
"EU024615","Craterostigmus crabilli","Craterostigmus crabilli"
"EU024616","Craterostigmus crabilli","Craterostigmus crabilli"
"EU024617","Craterostigmus crabilli","Craterostigmus crabilli"
"EU024618","Craterostigmus crabilli","Craterostigmus crabilli"
"EU024619","Craterostigmus crabilli","Craterostigmus crabilli"
"EU024620","Craterostigmus crabilli","Craterostigmus crabilli"
"EU024621","Craterostigmus crabilli","Craterostigmus crabilli"
"EU024622","Craterostigmus crabilli","Craterostigmus crabilli"
"EU024623","Craterostigmus crabilli","Craterostigmus crabilli"
"EU024624","Craterostigmus crabilli","Craterostigmus crabilli"
"EU024625","Craterostigmus crabilli","Craterostigmus crabilli"
"EU024626","Craterostigmus crabilli","Craterostigmus crabilli"
"EU024627","Craterostigmus crabilli","Craterostigmus crabilli"
"EU024628","Craterostigmus crabilli","Craterostigmus crabilli"
"FJ550335","Craterostigmus crabilli","Craterostigmus crabilli"
"FJ550336","Craterostigmus crabilli","Craterostigmus crabilli"
"FJ550337","Craterostigmus crabilli","Craterostigmus crabilli"
"FJ550338","Craterostigmus crabilli","Craterostigmus crabilli"
"FJ550339","Craterostigmus crabilli","Craterostigmus crabilli"
"FJ550340","Craterostigmus crabilli","Craterostigmus crabilli"
"FJ550341","Craterostigmus crabilli","Craterostigmus crabilli"
"EU024611","Craterostigmus tasmanianus","Craterostigmus tasmanianus"
"EU024612","Craterostigmus tasmanianus","Craterostigmus tasmanianus"
"EU024613","Craterostigmus tasmanianus","Craterostigmus tasmanianus"
"EU024614","Craterostigmus tasmanianus","Craterostigmus tasmanianus"
"AF370835","Craterostigmus tasmanianus","Craterostigmus tasmanianus"
"JN266283","Cryptops anomalans","Cryptops anomalans"
"KU497151","Cryptops anomalans","Cryptops anomalans"
"KU497158","Cryptops anomalans","Cryptops anomalans"
"KU497159","Cryptops anomalans","Cryptops anomalans"
"JX422662","Cryptops hortensis","Cryptops hortensis"
"KU497144","Cryptops hortensis","Cryptops hortensis"
"KU497145","Cryptops hortensis","Cryptops hortensis"
"KU497146","Cryptops hortensis","Cryptops hortensis"
"KU497155","Cryptops hortensis","Cryptops hortensis"
"KU497160","Cryptops hortensis","Cryptops hortensis"
"KU497162","Cryptops hortensis","Cryptops hortensis"
"AB610777","Cryptops japonicus","Cryptops japonicus"
"AB610778","Cryptops japonicus","Cryptops japonicus"
"AB610779","Cryptops japonicus","Cryptops japonicus"
"AB610780","Cryptops japonicus","Cryptops japonicus"
"AB672645","Cryptops japonicus","Cryptops japonicus"
"AB675008","Cryptops japonicus","Cryptops japonicus"
"JN266284","Cryptops parisi","Cryptops parisi"
"JN266285","Cryptops parisi","Cryptops parisi"
"KU497140","Cryptops parisi","Cryptops parisi"
"KU497141","Cryptops parisi","Cryptops parisi"
"KU497142","Cryptops parisi","Cryptops parisi"
"KU497148","Cryptops parisi","Cryptops parisi"
"KU497150","Cryptops parisi","Cryptops parisi"
"KU497152","Cryptops parisi","Cryptops parisi"
"KU497154","Cryptops parisi","Cryptops parisi"
"KU497156","Cryptops parisi","Cryptops parisi"
"KU497157","Cryptops parisi","Cryptops parisi"
"KU497161","Cryptops parisi","Cryptops parisi"
"KU497163","Cryptops parisi","Cryptops parisi"
"KU497164","Cryptops parisi","Cryptops parisi"
"HQ941581","Eupolybothrus nudicornis","Eupolybothrus nudicornis"
"HQ941582","Eupolybothrus nudicornis","Eupolybothrus nudicornis"
"HQ941584","Eupolybothrus nudicornis","Eupolybothrus nudicornis"
"HQ941585","Eupolybothrus nudicornis","Eupolybothrus nudicornis"
"HM065036","Eupolybothrus nudicornis","Eupolybothrus nudicornis"
"HM065037","Eupolybothrus nudicornis","Eupolybothrus nudicornis"
"HM065038","Eupolybothrus nudicornis","Eupolybothrus nudicornis"
"HM065039","Eupolybothrus nudicornis","Eupolybothrus nudicornis"
"HM065040","Eupolybothrus nudicornis","Eupolybothrus nudicornis"
"HM065041","Eupolybothrus nudicornis","Eupolybothrus nudicornis"
"JN269950","Eupolybothrus tridentinus","Eupolybothrus tridentinus"
"JN269951","Eupolybothrus tridentinus","Eupolybothrus tridentinus"
"KX458646","Eupolybothrus tridentinus","Eupolybothrus tridentinus"
"KX458690","Eupolybothrus tridentinus","Eupolybothrus tridentinus"
"KX458706","Eupolybothrus tridentinus","Eupolybothrus tridentinus"
"KX458725","Eupolybothrus tridentinus","Eupolybothrus tridentinus"
"KX458735","Eupolybothrus tridentinus","Eupolybothrus tridentinus"
"KX458760","Eupolybothrus tridentinus","Eupolybothrus tridentinus"
"KX458778","Eupolybothrus tridentinus","Eupolybothrus tridentinus"
"KX458779","Eupolybothrus tridentinus","Eupolybothrus tridentinus"
"JN306683","Geophilus flavus","Geophilus flavus"
"JN306684","Geophilus flavus","Geophilus flavus"
"JN306685","Geophilus flavus","Geophilus flavus"
"MG311375","Geophilus proximus","Geophilus proximus"
"MG314819","Geophilus proximus","Geophilus proximus"
"MG317939","Geophilus proximus","Geophilus proximus"
"MG320703","Geophilus proximus","Geophilus proximus"
"MG320860","Geophilus proximus","Geophilus proximus"
"KX458732","Harpolithobius anodus","Harpolithobius anodus"
"KX458783","Harpolithobius anodus","Harpolithobius anodus"
"KX458790","Harpolithobius anodus","Harpolithobius anodus"
"JN306676","Henia vesuviana","Henia vesuviana"
"JN306677","Henia vesuviana","Henia vesuviana"
"JN306678","Henia vesuviana","Henia vesuviana"
"KM611540","Lamyctes emarginatus","Lamyctes emarginatus"
"KM611651","Lamyctes emarginatus","Lamyctes emarginatus"
"KM611716","Lamyctes emarginatus","Lamyctes emarginatus"
"KM611792","Lamyctes emarginatus","Lamyctes emarginatus"
"JQ350446","Lithobius aeruginosus","Lithobius aeruginosus"
"KX458582","Lithobius aeruginosus","Lithobius aeruginosus"
"KX458590","Lithobius aeruginosus","Lithobius aeruginosus"
"KX458594","Lithobius aeruginosus","Lithobius aeruginosus"
"KX458596","Lithobius aeruginosus","Lithobius aeruginosus"
"KX458600","Lithobius aeruginosus","Lithobius aeruginosus"
"KX458620","Lithobius aeruginosus","Lithobius aeruginosus"
"KX458658","Lithobius aeruginosus","Lithobius aeruginosus"
"KX458691","Lithobius aeruginosus","Lithobius aeruginosus"
"KX458737","Lithobius aeruginosus","Lithobius aeruginosus"
"KX458751","Lithobius aeruginosus","Lithobius aeruginosus"
"KX458754","Lithobius aeruginosus","Lithobius aeruginosus"
"JN306649","Lithobius agilis","Lithobius agilis"
"JN306650","Lithobius agilis","Lithobius agilis"
"JN306651","Lithobius agilis","Lithobius agilis"
"KX458607","Lithobius agilis","Lithobius agilis"
"KX458613","Lithobius agilis","Lithobius agilis"
"KX458618","Lithobius agilis","Lithobius agilis"
"KX458698","Lithobius agilis","Lithobius agilis"
"KX458738","Lithobius agilis","Lithobius agilis"
"KX458748","Lithobius agilis","Lithobius agilis"
"KX458799","Lithobius agilis","Lithobius agilis"
"JQ350447","Lithobius austriacus","Lithobius austriacus"
"KX458587","Lithobius austriacus","Lithobius austriacus"
"KX458633","Lithobius austriacus","Lithobius austriacus"
"KX458666","Lithobius austriacus","Lithobius austriacus"
"KX458687","Lithobius austriacus","Lithobius austriacus"
"KX458792","Lithobius austriacus","Lithobius austriacus"
"JN306643","Lithobius borealis","Lithobius borealis"
"JN306644","Lithobius borealis","Lithobius borealis"
"KX458637","Lithobius borealis","Lithobius borealis"
"KX458638","Lithobius borealis","Lithobius borealis"
"KX458673","Lithobius borealis","Lithobius borealis"
"KX458682","Lithobius borealis","Lithobius borealis"
"KX458684","Lithobius borealis","Lithobius borealis"
"KX458702","Lithobius borealis","Lithobius borealis"
"KX458703","Lithobius borealis","Lithobius borealis"
"KX458756","Lithobius borealis","Lithobius borealis"
"KX458789","Lithobius borealis","Lithobius borealis"
"JQ350448","Lithobius calcaratus","Lithobius calcaratus"
"KX458586","Lithobius calcaratus","Lithobius calcaratus"
"KX458676","Lithobius calcaratus","Lithobius calcaratus"
"KX458717","Lithobius calcaratus","Lithobius calcaratus"
"KX458793","Lithobius calcaratus","Lithobius calcaratus"
"KX458635","Lithobius castaneus","Lithobius castaneus"
"KX458767","Lithobius castaneus","Lithobius castaneus"
"JQ350449","Lithobius crassipes","Lithobius crassipes"
"KT706926","Lithobius crassipes","Lithobius crassipes"
"KX458601","Lithobius crassipes","Lithobius crassipes"
"KX458625","Lithobius crassipes","Lithobius crassipes"
"KX458631","Lithobius crassipes","Lithobius crassipes"
"KX458674","Lithobius crassipes","Lithobius crassipes"
"KX458683","Lithobius crassipes","Lithobius crassipes"
"KX458716","Lithobius crassipes","Lithobius crassipes"
"KX458752","Lithobius crassipes","Lithobius crassipes"
"KX458753","Lithobius crassipes","Lithobius crassipes"
"KX458777","Lithobius crassipes","Lithobius crassipes"
"KX458796","Lithobius crassipes","Lithobius crassipes"
"MF742897","Lithobius crassipes","Lithobius crassipes"
"MF743367","Lithobius crassipes","Lithobius crassipes"
"MF744075","Lithobius crassipes","Lithobius crassipes"
"MF744427","Lithobius crassipes","Lithobius crassipes"
"MF744443","Lithobius crassipes","Lithobius crassipes"
"MF744660","Lithobius crassipes","Lithobius crassipes"
"MF744699","Lithobius crassipes","Lithobius crassipes"
"MF745096","Lithobius crassipes","Lithobius crassipes"
"MF746086","Lithobius crassipes","Lithobius crassipes"
"MF747564","Lithobius crassipes","Lithobius crassipes"
"MF748087","Lithobius crassipes","Lithobius crassipes"
"MF748449","Lithobius crassipes","Lithobius crassipes"
"MF748770","Lithobius crassipes","Lithobius crassipes"
"MF749372","Lithobius crassipes","Lithobius crassipes"
"MF751222","Lithobius crassipes","Lithobius crassipes"
"MF751764","Lithobius crassipes","Lithobius crassipes"
"MF752351","Lithobius crassipes","Lithobius crassipes"
"MF752400","Lithobius crassipes","Lithobius crassipes"
"MG319380","Lithobius crassipes","Lithobius crassipes"
"JQ350450","Lithobius curtipes","Lithobius curtipes"
"KX458595","Lithobius curtipes","Lithobius curtipes"
"KX458647","Lithobius curtipes","Lithobius curtipes"
"KX458652","Lithobius curtipes","Lithobius curtipes"
"KX458653","Lithobius curtipes","Lithobius curtipes"
"KX458722","Lithobius curtipes","Lithobius curtipes"
"JN306635","Lithobius dentatus","Lithobius dentatus"
"JN306636","Lithobius dentatus","Lithobius dentatus"
"KX458581","Lithobius dentatus","Lithobius dentatus"
"KX458619","Lithobius dentatus","Lithobius dentatus"
"KX458634","Lithobius dentatus","Lithobius dentatus"
"KX458649","Lithobius dentatus","Lithobius dentatus"
"KX458651","Lithobius dentatus","Lithobius dentatus"
"KX458656","Lithobius dentatus","Lithobius dentatus"
"KX458695","Lithobius dentatus","Lithobius dentatus"
"KX458718","Lithobius dentatus","Lithobius dentatus"
"KX458724","Lithobius dentatus","Lithobius dentatus"
"KX458766","Lithobius dentatus","Lithobius dentatus"
"JN306647","Lithobius erythrocephalus","Lithobius erythrocephalus"
"JN306648","Lithobius erythrocephalus","Lithobius erythrocephalus"
"JN306663","Lithobius erythrocephalus","Lithobius erythrocephalus"
"HQ979234","Lithobius forficatus","Lithobius forficatus"
"HQ979235","Lithobius forficatus","Lithobius forficatus"
"HQ979236","Lithobius forficatus","Lithobius forficatus"
"JN306637","Lithobius forficatus","Lithobius forficatus"
"JN306638","Lithobius forficatus","Lithobius forficatus"
"KM611495","Lithobius forficatus","Lithobius forficatus"
"KM611644","Lithobius forficatus","Lithobius forficatus"
"KM611653","Lithobius forficatus","Lithobius forficatus"
"KM611690","Lithobius forficatus","Lithobius forficatus"
"KM611799","Lithobius forficatus","Lithobius forficatus"
"KT707445","Lithobius forficatus","Lithobius forficatus"
"KT708237","Lithobius forficatus","Lithobius forficatus"
"KX458580","Lithobius forficatus","Lithobius forficatus"
"KX458626","Lithobius forficatus","Lithobius forficatus"
"KX458630","Lithobius forficatus","Lithobius forficatus"
"KX458641","Lithobius forficatus","Lithobius forficatus"
"KX458696","Lithobius forficatus","Lithobius forficatus"
"KX458701","Lithobius forficatus","Lithobius forficatus"
"KX458704","Lithobius forficatus","Lithobius forficatus"
"KX458713","Lithobius forficatus","Lithobius forficatus"
"KX458740","Lithobius forficatus","Lithobius forficatus"
"KX458749","Lithobius forficatus","Lithobius forficatus"
"KX458780","Lithobius forficatus","Lithobius forficatus"
"KX458786","Lithobius forficatus","Lithobius forficatus"
"MF742838","Lithobius forficatus","Lithobius forficatus"
"MF743503","Lithobius forficatus","Lithobius forficatus"
"MF744157","Lithobius forficatus","Lithobius forficatus"
"MF744529","Lithobius forficatus","Lithobius forficatus"
"MF745565","Lithobius forficatus","Lithobius forficatus"
"MF745578","Lithobius forficatus","Lithobius forficatus"
"MF746470","Lithobius forficatus","Lithobius forficatus"
"MF746573","Lithobius forficatus","Lithobius forficatus"
"MF750116","Lithobius forficatus","Lithobius forficatus"
"MF750564","Lithobius forficatus","Lithobius forficatus"
"MF750829","Lithobius forficatus","Lithobius forficatus"
"MF751307","Lithobius forficatus","Lithobius forficatus"
"MF751536","Lithobius forficatus","Lithobius forficatus"
"MG299070","Lithobius forficatus","Lithobius forficatus"
"MG310417","Lithobius forficatus","Lithobius forficatus"
"MG314107","Lithobius forficatus","Lithobius forficatus"
"MG316546","Lithobius forficatus","Lithobius forficatus"
"MG316664","Lithobius forficatus","Lithobius forficatus"
"MG317742","Lithobius forficatus","Lithobius forficatus"
"MG320154","Lithobius forficatus","Lithobius forficatus"
"MG511358","Lithobius forficatus","Lithobius forficatus"
"HM888147","Lithobius forficatus","Lithobius forficatus"
"HM888148","Lithobius forficatus","Lithobius forficatus"
"JN306661","Lithobius glacialis","Lithobius glacialis"
"JN306662","Lithobius glacialis","Lithobius glacialis"
"JN306669","Lithobius glacialis","Lithobius glacialis"
"KX458584","Lithobius glacialis","Lithobius glacialis"
"KX458588","Lithobius glacialis","Lithobius glacialis"
"KX458609","Lithobius glacialis","Lithobius glacialis"
"KX458624","Lithobius glacialis","Lithobius glacialis"
"KX458708","Lithobius glacialis","Lithobius glacialis"
"KX458747","Lithobius glacialis","Lithobius glacialis"
"KX458616","Lithobius latro","Lithobius latro"
"KX458665","Lithobius latro","Lithobius latro"
"KX458721","Lithobius latro","Lithobius latro"
"KX458636","Lithobius lucifugus","Lithobius lucifugus"
"KX458714","Lithobius lucifugus","Lithobius lucifugus"
"KX458720","Lithobius lucifugus","Lithobius lucifugus"
"KX458591","Lithobius macilentus","Lithobius macilentus"
"KX458608","Lithobius macilentus","Lithobius macilentus"
"KX458610","Lithobius macilentus","Lithobius macilentus"
"KX458623","Lithobius macilentus","Lithobius macilentus"
"KX458627","Lithobius macilentus","Lithobius macilentus"
"KX458648","Lithobius macilentus","Lithobius macilentus"
"KX458654","Lithobius macilentus","Lithobius macilentus"
"KX458657","Lithobius macilentus","Lithobius macilentus"
"KX458689","Lithobius macilentus","Lithobius macilentus"
"KX458768","Lithobius macilentus","Lithobius macilentus"
"KX458775","Lithobius macilentus","Lithobius macilentus"
"KX458589","Lithobius melanops","Lithobius melanops"
"KX458723","Lithobius melanops","Lithobius melanops"
"KX458797","Lithobius melanops","Lithobius melanops"
"JN306641","Lithobius microps","Lithobius microps"
"JN306642","Lithobius microps","Lithobius microps"
"KM611596","Lithobius microps","Lithobius microps"
"KM611620","Lithobius microps","Lithobius microps"
"KM611700","Lithobius microps","Lithobius microps"
"KM611801","Lithobius microps","Lithobius microps"
"KT619710","Lithobius microps","Lithobius microps"
"KT621054","Lithobius microps","Lithobius microps"
"KT623771","Lithobius microps","Lithobius microps"
"KT707180","Lithobius microps","Lithobius microps"
"KT707521","Lithobius microps","Lithobius microps"
"KT707941","Lithobius microps","Lithobius microps"
"KX458593","Lithobius microps","Lithobius microps"
"KX458628","Lithobius microps","Lithobius microps"
"KX458668","Lithobius microps","Lithobius microps"
"KX458672","Lithobius microps","Lithobius microps"
"KX458699","Lithobius microps","Lithobius microps"
"KX458700","Lithobius microps","Lithobius microps"
"KX458728","Lithobius microps","Lithobius microps"
"KX458739","Lithobius microps","Lithobius microps"
"KX458744","Lithobius microps","Lithobius microps"
"KX458770","Lithobius microps","Lithobius microps"
"KX458774","Lithobius microps","Lithobius microps"
"KX458787","Lithobius microps","Lithobius microps"
"KX458791","Lithobius microps","Lithobius microps"
"MF743341","Lithobius microps","Lithobius microps"
"MF744206","Lithobius microps","Lithobius microps"
"MF744310","Lithobius microps","Lithobius microps"
"MF744594","Lithobius microps","Lithobius microps"
"MF746457","Lithobius microps","Lithobius microps"
"MF746765","Lithobius microps","Lithobius microps"
"MF747035","Lithobius microps","Lithobius microps"
"MF747911","Lithobius microps","Lithobius microps"
"MF747920","Lithobius microps","Lithobius microps"
"MF748073","Lithobius microps","Lithobius microps"
"MF749534","Lithobius microps","Lithobius microps"
"MF750006","Lithobius microps","Lithobius microps"
"MG310865","Lithobius microps","Lithobius microps"
"MG311044","Lithobius microps","Lithobius microps"
"MG314575","Lithobius microps","Lithobius microps"
"MG317737","Lithobius microps","Lithobius microps"
"MG317866","Lithobius microps","Lithobius microps"
"MG318632","Lithobius microps","Lithobius microps"
"HM888149","Lithobius microps","Lithobius microps"
"JN306664","Lithobius mutabilis","Lithobius mutabilis"
"JN306665","Lithobius mutabilis","Lithobius mutabilis"
"JN306666","Lithobius mutabilis","Lithobius mutabilis"
"KX458602","Lithobius mutabilis","Lithobius mutabilis"
"KX458612","Lithobius mutabilis","Lithobius mutabilis"
"KX458617","Lithobius mutabilis","Lithobius mutabilis"
"KX458643","Lithobius mutabilis","Lithobius mutabilis"
"KX458650","Lithobius mutabilis","Lithobius mutabilis"
"KX458664","Lithobius mutabilis","Lithobius mutabilis"
"KX458678","Lithobius mutabilis","Lithobius mutabilis"
"KX458688","Lithobius mutabilis","Lithobius mutabilis"
"KX458709","Lithobius mutabilis","Lithobius mutabilis"
"KX458711","Lithobius mutabilis","Lithobius mutabilis"
"KX458719","Lithobius mutabilis","Lithobius mutabilis"
"KX458730","Lithobius mutabilis","Lithobius mutabilis"
"KX458741","Lithobius mutabilis","Lithobius mutabilis"
"KX458742","Lithobius mutabilis","Lithobius mutabilis"
"KX458745","Lithobius mutabilis","Lithobius mutabilis"
"KX458755","Lithobius mutabilis","Lithobius mutabilis"
"KX458762","Lithobius mutabilis","Lithobius mutabilis"
"KX458763","Lithobius mutabilis","Lithobius mutabilis"
"KX458764","Lithobius mutabilis","Lithobius mutabilis"
"KX458765","Lithobius mutabilis","Lithobius mutabilis"
"KX458795","Lithobius mutabilis","Lithobius mutabilis"
"KX458800","Lithobius mutabilis","Lithobius mutabilis"
"JN306667","Lithobius muticus","Lithobius muticus"
"JN306668","Lithobius muticus","Lithobius muticus"
"KX458639","Lithobius muticus","Lithobius muticus"
"JN306639","Lithobius nodulipes","Lithobius nodulipes"
"JN306640","Lithobius nodulipes","Lithobius nodulipes"
"KX458585","Lithobius nodulipes","Lithobius nodulipes"
"KX458605","Lithobius nodulipes","Lithobius nodulipes"
"KX458642","Lithobius nodulipes","Lithobius nodulipes"
"KX458670","Lithobius nodulipes","Lithobius nodulipes"
"KX458697","Lithobius nodulipes","Lithobius nodulipes"
"KX458715","Lithobius nodulipes","Lithobius nodulipes"
"JN306645","Lithobius pelidnus","Lithobius pelidnus"
"JQ350451","Lithobius pelidnus","Lithobius pelidnus"
"KX458615","Lithobius pelidnus","Lithobius pelidnus"
"KX458629","Lithobius pelidnus","Lithobius pelidnus"
"KX458655","Lithobius pelidnus","Lithobius pelidnus"
"KX458729","Lithobius pelidnus","Lithobius pelidnus"
"JN306652","Lithobius piceus","Lithobius piceus"
"JN306653","Lithobius piceus","Lithobius piceus"
"JN306654","Lithobius piceus","Lithobius piceus"
"JN306655","Lithobius piceus","Lithobius piceus"
"KX458599","Lithobius piceus","Lithobius piceus"
"KX458603","Lithobius piceus","Lithobius piceus"
"KX458614","Lithobius piceus","Lithobius piceus"
"KX458632","Lithobius piceus","Lithobius piceus"
"KX458659","Lithobius piceus","Lithobius piceus"
"KX458680","Lithobius piceus","Lithobius piceus"
"KX458731","Lithobius piceus","Lithobius piceus"
"KX458736","Lithobius piceus","Lithobius piceus"
"KX458757","Lithobius piceus","Lithobius piceus"
"KX458759","Lithobius piceus","Lithobius piceus"
"KX458761","Lithobius piceus","Lithobius piceus"
"KX458769","Lithobius piceus","Lithobius piceus"
"KX458781","Lithobius piceus","Lithobius piceus"
"KX458788","Lithobius piceus","Lithobius piceus"
"KX458645","Lithobius pygmaeus","Lithobius pygmaeus"
"KX458663","Lithobius pygmaeus","Lithobius pygmaeus"
"KX458734","Lithobius pygmaeus","Lithobius pygmaeus"
"KX458746","Lithobius pygmaeus","Lithobius pygmaeus"
"KX458750","Lithobius pygmaeus","Lithobius pygmaeus"
"KX458773","Lithobius pygmaeus","Lithobius pygmaeus"
"KX458597","Lithobius schuleri","Lithobius schuleri"
"KX458611","Lithobius schuleri","Lithobius schuleri"
"KX458662","Lithobius schuleri","Lithobius schuleri"
"KX458693","Lithobius schuleri","Lithobius schuleri"
"KX458710","Lithobius schuleri","Lithobius schuleri"
"KX458727","Lithobius schuleri","Lithobius schuleri"
"KX458772","Lithobius schuleri","Lithobius schuleri"
"KX458776","Lithobius schuleri","Lithobius schuleri"
"JN306646","Lithobius tenebrosus","Lithobius tenebrosus"
"JN306658","Lithobius tenebrosus","Lithobius tenebrosus"
"JQ350452","Lithobius tenebrosus","Lithobius tenebrosus"
"KX458669","Lithobius tenebrosus","Lithobius tenebrosus"
"KX458677","Lithobius tenebrosus","Lithobius tenebrosus"
"KX458679","Lithobius tenebrosus","Lithobius tenebrosus"
"JN306656","Lithobius tricuspis","Lithobius tricuspis"
"JN306657","Lithobius tricuspis","Lithobius tricuspis"
"KX458583","Lithobius tricuspis","Lithobius tricuspis"
"KX458598","Lithobius tricuspis","Lithobius tricuspis"
"KX458622","Lithobius tricuspis","Lithobius tricuspis"
"KX458644","Lithobius tricuspis","Lithobius tricuspis"
"KX458667","Lithobius tricuspis","Lithobius tricuspis"
"KX458681","Lithobius tricuspis","Lithobius tricuspis"
"KX458692","Lithobius tricuspis","Lithobius tricuspis"
"KX458694","Lithobius tricuspis","Lithobius tricuspis"
"KX458707","Lithobius tricuspis","Lithobius tricuspis"
"KX458712","Lithobius tricuspis","Lithobius tricuspis"
"KX458726","Lithobius tricuspis","Lithobius tricuspis"
"KX458733","Lithobius tricuspis","Lithobius tricuspis"
"KX458743","Lithobius tricuspis","Lithobius tricuspis"
"KX458794","Lithobius tricuspis","Lithobius tricuspis"
"KX458798","Lithobius tricuspis","Lithobius tricuspis"
"JQ350453","Lithobius valesiacus","Lithobius valesiacus"
"KX458592","Lithobius valesiacus","Lithobius valesiacus"
"KX458604","Lithobius valesiacus","Lithobius valesiacus"
"KX458621","Lithobius valesiacus","Lithobius valesiacus"
"KX458705","Lithobius valesiacus","Lithobius valesiacus"
"KX458771","Lithobius valesiacus","Lithobius valesiacus"
"KX458782","Lithobius valesiacus","Lithobius valesiacus"
"KX458785","Lithobius valesiacus","Lithobius valesiacus"
"AB610500","Mecistocephalus marmoratus","Mecistocephalus marmoratus"
"AB610501","Mecistocephalus marmoratus","Mecistocephalus marmoratus"
"AB610772","Mecistocephalus marmoratus","Mecistocephalus marmoratus"
"AB610773","Mecistocephalus marmoratus","Mecistocephalus marmoratus"
"AB672611","Mecistocephalus marmoratus","Mecistocephalus marmoratus"
"AB672644","Mecistocephalus marmoratus","Mecistocephalus marmoratus"
"AB610774","Mecistocephalus multidentatus","Mecistocephalus multidentatus"
"AB610775","Mecistocephalus multidentatus","Mecistocephalus multidentatus"
"AB672610","Mecistocephalus multidentatus","Mecistocephalus multidentatus"
"AB614649","Otostigmus aculeatus","Otostigmus aculeatus"
"AB614650","Otostigmus aculeatus","Otostigmus aculeatus"
"AB672684","Otostigmus aculeatus","Otostigmus aculeatus"
"AB672685","Otostigmus aculeatus","Otostigmus aculeatus"
"AB672686","Otostigmus aculeatus","Otostigmus aculeatus"
"AB672687","Otostigmus aculeatus","Otostigmus aculeatus"
"AB672688","Otostigmus aculeatus","Otostigmus aculeatus"
"AB672689","Otostigmus aculeatus","Otostigmus aculeatus"
"HQ402550","Otostigmus rugulosus","Otostigmus rugulosus"
"AB672651","Otostigmus scaber","Otostigmus scaber"
"AB672652","Otostigmus scaber","Otostigmus scaber"
"AB672653","Otostigmus scaber","Otostigmus scaber"
"AB672654","Otostigmus scaber","Otostigmus scaber"
"AB672655","Otostigmus scaber","Otostigmus scaber"
"AB672656","Otostigmus scaber","Otostigmus scaber"
"AB672657","Otostigmus scaber","Otostigmus scaber"
"AB672658","Otostigmus scaber","Otostigmus scaber"
"JN306686","Pachymerium ferrugineum","Pachymerium ferrugineum"
"JN306687","Pachymerium ferrugineum","Pachymerium ferrugineum"
"MF742823","Pachymerium ferrugineum","Pachymerium ferrugineum"
"MF744637","Pachymerium ferrugineum","Pachymerium ferrugineum"
"MF748109","Pachymerium ferrugineum","Pachymerium ferrugineum"
"MF751065","Pachymerium ferrugineum","Pachymerium ferrugineum"
"MG310839","Pachymerium ferrugineum","Pachymerium ferrugineum"
"MG316846","Pachymerium ferrugineum","Pachymerium ferrugineum"
"MG319175","Pachymerium ferrugineum","Pachymerium ferrugineum"
"MG311543","Pachymerium ferrugineum","Pachymerium ferrugineum"
"DQ222178","Parascutigera latericia","Parascutigera latericia"
"FJ660830","Parascutigera latericia","Parascutigera latericia"
"FJ660831","Parascutigera latericia","Parascutigera latericia"
"FJ660837","Parascutigera sphinx","Parascutigera sphinx"
"FJ660838","Parascutigera sphinx","Parascutigera sphinx"
"FJ660839","Parascutigera sphinx","Parascutigera sphinx"
"AB614645","Rhysida immarginata","Rhysida immarginata"
"AB614646","Rhysida immarginata","Rhysida immarginata"
"AB614647","Rhysida immarginata","Rhysida immarginata"
"AB614648","Rhysida immarginata","Rhysida immarginata"
"AB672679","Rhysida immarginata","Rhysida immarginata"
"AB614643","Rhysida longipes","Rhysida longipes"
"AB614644","Rhysida longipes","Rhysida longipes"
"AB672680","Rhysida longipes","Rhysida longipes"
"AB672682","Rhysida longipes","Rhysida longipes"
"AB672683","Rhysida longipes","Rhysida longipes"
"JQ350469","Schendyla nemorensis","Schendyla nemorensis"
"JQ350470","Schendyla nemorensis","Schendyla nemorensis"
"JQ350471","Schendyla nemorensis","Schendyla nemorensis"
"KT614370","Schendyla nemorensis","Schendyla nemorensis"
"KT615736","Schendyla nemorensis","Schendyla nemorensis"
"MF742873","Schendyla nemorensis","Schendyla nemorensis"
"MF743784","Schendyla nemorensis","Schendyla nemorensis"
"MF745170","Schendyla nemorensis","Schendyla nemorensis"
"MF745666","Schendyla nemorensis","Schendyla nemorensis"
"MF745819","Schendyla nemorensis","Schendyla nemorensis"
"MF745908","Schendyla nemorensis","Schendyla nemorensis"
"MF747211","Schendyla nemorensis","Schendyla nemorensis"
"MF749025","Schendyla nemorensis","Schendyla nemorensis"
"MF751595","Schendyla nemorensis","Schendyla nemorensis"
"MF751994","Schendyla nemorensis","Schendyla nemorensis"
"MG310825","Schendyla nemorensis","Schendyla nemorensis"
"MG313586","Schendyla nemorensis","Schendyla nemorensis"
"MG313601","Schendyla nemorensis","Schendyla nemorensis"
"MG315919","Schendyla nemorensis","Schendyla nemorensis"
"MG317440","Schendyla nemorensis","Schendyla nemorensis"
"AB612896","Scolopendra morsitans","Scolopendra morsitans"
"AB612897","Scolopendra morsitans","Scolopendra morsitans"
"AB614397","Scolopendra morsitans","Scolopendra morsitans"
"AB614398","Scolopendra morsitans","Scolopendra morsitans"
"AB672739","Scolopendra morsitans","Scolopendra morsitans"
"HQ402553","Scolopendra morsitans","Scolopendra morsitans"
"AB614401","Scolopendra multidens","Scolopendra multidens"
"AB614402","Scolopendra multidens","Scolopendra multidens"
"AB614403","Scolopendra multidens","Scolopendra multidens"
"AB614404","Scolopendra multidens","Scolopendra multidens"
"AB614405","Scolopendra multidens","Scolopendra multidens"
"AB614515","Scolopendra multidens","Scolopendra multidens"
"AB614516","Scolopendra multidens","Scolopendra multidens"
"AB672738","Scolopendra multidens","Scolopendra multidens"
"AB612267","Scolopendra mutilans","Scolopendra subspinipes"
"AB612268","Scolopendra mutilans","Scolopendra subspinipes"
"AB612889","Scolopendra mutilans","Scolopendra subspinipes"
"AB612892","Scolopendra mutilans","Scolopendra mutilans"
"KX054729","Scolopendra subspinipes","Scolopendra subspinipes"
"KX054730","Scolopendra subspinipes","Scolopendra subspinipes"
"KX054731","Scolopendra subspinipes","Scolopendra subspinipes"
"AB612265","Scolopendra subspinipes","Scolopendra subspinipes"
"AB612266","Scolopendra subspinipes","Scolopendra subspinipes"
"AB614400","Scolopendra subspinipes","Scolopendra japonica"
"AB672740","Scolopendra subspinipes","Scolopendra japonica"
"AB672741","Scolopendra subspinipes","Scolopendra japonica"
"AB675588","Scolopendra subspinipes","Scolopendra subspinipes"
"MF983674","Scolopendra subspinipes","Scolopendra subspinipes"
"AB617528","Scolopocryptops capillipedatus","Scolopocryptops capillipedatus"
"AB617529","Scolopocryptops capillipedatus","Scolopocryptops capillipedatus"
"AB617530","Scolopocryptops capillipedatus","Scolopocryptops capillipedatus"
"AB672646","Scolopocryptops capillipedatus","Scolopocryptops capillipedatus"
"JX422682","Scolopocryptops rubiginosus","Scolopocryptops rubiginosus"
"AB617533","Scolopocryptops rubiginosus","Scolopocryptops rubiginosus"
"AB672647","Scolopocryptops rubiginosus","Scolopocryptops rubiginosus"
"AB672648","Scolopocryptops rubiginosus","Scolopocryptops rubiginosus"
"AB672649","Scolopocryptops rubiginosus","Scolopocryptops rubiginosus"
"AB672650","Scolopocryptops rubiginosus","Scolopocryptops rubiginosus"
"DQ222169","Scutigera coleoptrata","Scutigera coleoptrata"
"FJ660819","Scutigera coleoptrata","Scutigera coleoptrata"
"FJ660820","Scutigera coleoptrata","Scutigera coleoptrata"
"JN306682","Stenotaenia linearis","Stenotaenia linearis"
"KP698104","Stenotaenia linearis","Stenotaenia linearis"
"KP698105","Stenotaenia linearis","Stenotaenia linearis"
"KR736248","Stenotaenia linearis","Stenotaenia linearis"
"KR736249","Stenotaenia linearis","Stenotaenia linearis"
"KR736250","Stenotaenia linearis","Stenotaenia linearis"
"KR736251","Stenotaenia linearis","Stenotaenia linearis"
"JN306679","Strigamia acuminata","Strigamia acuminata"
