"species","order","family","n","n.sites","n.unique.sites","lat.mean","lon.mean","lat.median","seq.lat.range","avg.geo.dist","seq.len","n.seg","n.pars.inform","avg.pair.diff","n.hap","hapl.div","body.size.new","blindness","maternal.care","min.lat","max.lat"
"Craterostigmus crabilli","Craterostigmomorpha","Craterostigmidae",17,17,10,-42.4136117397386,172.019326235294,-41.8075,9.3646,384.3311,745,263,160,0.1064,14,0.9779,37,"not blind","yes",-46.89849,-34.4506617164503
"Craterostigmus tasmanianus","Craterostigmomorpha","Craterostigmidae",68,68,14,-41.4363932189543,146.569350964052,-41.4170833333334,2.3089,116.7428,756,262,225,0.1198,44,0.971,50,"not blind","yes",-43.2875,-40.9786111111111
"Clinopodes carinthiacus","Geophilomorpha","Geophilidae",5,5,3,45.539,14.7622,45.539,0,0.2339,645,60,59,0.0556,3,0.8,35,"blind","yes",41.258022754287,46.75
"Clinopodes flavidus","Geophilomorpha","Geophilidae",5,5,2,44.6844,23.1724,44.3,1.922,542.8144,599,108,19,0.0828,5,1,68,"blind","yes",32.4292366490905,49.8811060715499
"Dicellophilus carniolensis","Geophilomorpha","Mecistocephalidae",3,3,2,45.539,14.7636666666667,45.539,0,0.104,495,0,0,0,1,0,60,"blind","yes",42.3211789362218,49.8811060715499
"Geophilus alpinus","Geophilomorpha","Geophilidae",6,6,6,50.2469268333333,12.721393,50.7317805,4.045,255.4402,658,93,87,0.0782,4,0.8667,52,"blind","yes",42.4948,61.776
"Geophilus electricus","Geophilomorpha","Geophilidae",5,5,5,51.8286948,7.414348,51.907,1.9481,438.0958,656,32,32,0.0293,2,0.6,45,"blind","yes",42.92972,62.7785299391425
"Geophilus flavus","Geophilomorpha","Geophilidae",16,16,16,50.6098625,9.604946875,50.7115,4.828,304.6723,658,90,19,0.0274,8,0.8,45,"blind","yes",41.387837,65.43146
"Geophilus proximus","Geophilomorpha","Geophilidae",5,5,2,49.16856,-97.09174,50.613,7.2222,708.0326,658,0,0,0,1,0,40,"blind","yes",43.3908,70.622924802519
"Henia vesuviana","Geophilomorpha","Geophilidae",4,4,4,46.3909625,7.1341875,48.161,8.4061,786.706,648,107,6,0.0877,3,0.8333,95,"blind","yes",40.41785,53.208804
"Mecistocephalus marmoratus","Geophilomorpha","Mecistocephalidae",5,5,4,22.98,120.928,22.41,2.38,133.667,658,37,31,0.0367,4,0.9,52,"blind","yes",21.8978288944026,35.68284
"Mecistocephalus multidentatus","Geophilomorpha","Mecistocephalidae",3,3,3,24.9133333333333,120.613333333333,25.13,0.65,238.0242,658,3,0,0.0031,2,0.6667,45,"blind","yes",21.8978288944026,25.2964376810442
"Pachymerium ferrugineum","Geophilomorpha","Geophilidae",11,11,7,44.3482203090909,-61.9759279,43.8224,9.7908,2285.8074,658,164,12,0.0523,3,0.3455,50,"blind","yes",-27.1099352884352,66.9298800453551
"Schendyla armata","Geophilomorpha","Schendylidae",4,4,3,45.539,14.76225,45.539,0,0.2469,497,21,18,0.0272,3,0.8333,11,"blind","yes",38.8641473553671,45.539
"Schendyla nemorensis","Geophilomorpha","Schendylidae",20,20,10,44.80073,-64.123605,43.86255,6.49,1994.361,658,0,0,0,1,0,20,"blind","yes",34.66667,62.1155977080313
"Schendyla tyrolensis","Geophilomorpha","Schendylidae",3,3,3,45.539,14.7626666666667,45.539,0,0.2599,592,3,0,0.0034,3,1,32,"blind","yes",39.6919767606731,50.6119252252698
"Stenotaenia linearis","Geophilomorpha","Geophilidae",19,19,18,49.8220947368421,9.27354778947368,49.034,3.848,262.8982,658,169,165,0.108,6,0.8012,43,"blind","yes",42.4045,60.3126005365054
"Stenotaenia sorrentina","Geophilomorpha","Geophilidae",3,3,3,40.9560917,13.7106158333333,41.505118,5.5032,425.641,653,125,0,0.1337,3,1,42,"blind","yes",36.61999,48.22088
"Strigamia acuminata","Geophilomorpha","Geophilidae",3,3,3,46.2271428525761,10.9908973764551,46.5763922,2.931,406.3912,585,113,0,0.1345,3,1,30,"blind","yes",34.813018,54.350322
"Strigamia chionophila","Geophilomorpha","Geophilidae",4,4,4,57.4499925,-151.9635425,58.58175,8.2929,1490.1077,568,86,1,0.0819,4,1,25,"blind","yes",33.7110282948079,61.8714374981053
"Strigamia crassipes","Geophilomorpha","Geophilidae",3,3,3,47.3636375333333,11.2116708666667,47.678,2.7111,227.2853,535,114,0,0.1483,3,1,50,"blind","yes",37.68911,59.9382722389201
"Eupolybothrus cavernicolus","Lithobiomorpha","Lithobiidae",4,4,2,44.001935,16.01768,44.001935,0.0033,0.2855,658,0,0,0,1,0,30,"not blind","no",44.00027778,44.00355556
"Eupolybothrus gloriastygis","Lithobiomorpha","Lithobiidae",10,10,2,42.561308,18.612756,42.535,0.1315,12.2664,639,3,1,0.0015,3,0.6444,15,"not blind","no",41.2344859889305,46.5037509222198
"Eupolybothrus leostygis","Lithobiomorpha","Lithobiidae",8,8,3,43.1316860937958,17.3577936925053,42.7354378843739,1.6251,118.8453,642,17,2,0.0072,5,0.7857,40,"not blind","no",42.4799913600293,46.5037509222198
"Eupolybothrus nudicornis","Lithobiomorpha","Lithobiidae",10,10,7,37.072,12.11906,36.8077,1.6977,221.4196,609,129,111,0.0962,7,0.9333,48,"not blind","no",31.172646,44.659915
"Eupolybothrus tridentinus","Lithobiomorpha","Lithobiidae",10,10,9,47.3861,12.218,47.562,2.783,232.7155,658,114,91,0.0742,7,0.9111,20,"not blind","no",36.6199872909954,54.983104153048
"Harpolithobius anodus","Lithobiomorpha","Lithobiidae",3,3,1,45.668,13.885,45.668,0,0,632,0,0,0,1,0,15,"not blind","no",34.9199876978896,54.9831
"Henicops maculatus","Lithobiomorpha","Henicopidae",3,3,3,-37.711,157.849666666667,-38.033,8,1988.1998,657,145,0,0.1522,3,1,20,"not blind","no",-47.289709,-33.55
"Hessebius luquensis","Lithobiomorpha","Lithobiidae",4,4,1,34.75647,102.57245,34.75647,0,0,632,84,0,0.0665,2,0.5,13,"not blind","no",34.43277,34.75277
"Hessebius ruoergaiensis","Lithobiomorpha","Lithobiidae",5,5,1,33.397,103.201,33.397,0,0,632,1,1,9e-04,2,0.6,10,"not blind","no",33.397,33.397
"Lamyctes africanus","Lithobiomorpha","Henicopidae",6,6,4,26.7760601666667,50.980279,29.20068,88.7917,6043.3954,657,99,3,0.054,4,0.8,10,"not blind","no",-35.0289559028201,54.8295
"Lamyctes coeculus","Lithobiomorpha","Henicopidae",5,5,4,19.3114138,25.0333148,51.323,87.234,9585.5977,657,2,0,0.0012,2,0.4,5,"blind","no",-33.55,57.72958
"Lamyctes emarginatus","Lithobiomorpha","Henicopidae",8,8,5,49.41975,-45.628075,48.403,6.089,4583.274,658,63,63,0.0507,3,0.75,11,"not blind","no",-32.6275101200006,61.23333
"Lithobius aeruginosus","Lithobiomorpha","Lithobiidae",13,13,11,47.6928192307692,10.50016,47.705,2.9,261.2657,658,204,165,0.1297,11,0.9744,11,"not blind","no",34.91999,55.4288048529948
"Lithobius agilis","Lithobiomorpha","Lithobiidae",11,11,11,48.3397439090909,12.9103906363636,48.814,5.023,227.4793,658,91,85,0.0508,7,0.8727,12,"not blind","no",34.91999,57.4084409067957
"Lithobius austriacus","Lithobiomorpha","Lithobiidae",6,6,6,48.9156666666667,13.2966666666667,48.849,3.052,163.096,658,47,4,0.0251,4,0.8,10,"not blind","no",45.4523163925932,54.983104153048
"Lithobius borealis","Lithobiomorpha","Lithobiidae",12,12,11,47.8505983333333,12.7066408333333,47.677,2.4408,162.6739,658,65,64,0.0308,5,0.6667,13,"not blind","no",31.172646,61.112604
"Lithobius calcaratus","Lithobiomorpha","Lithobiidae",5,5,4,49.959,11.2218,48.999,4.988,244.1547,658,0,0,0,1,0,15,"not blind","no",35.9468500839615,60.1859003376694
"Lithobius castaneus","Lithobiomorpha","Lithobiidae",3,3,3,43.9476933379667,12.3447903341667,45.806,6.2609,531.9458,633,131,0,0.1453,3,1,23,"not blind","no",13.7353376327007,51.1485061712619
"Lithobius crassipes","Lithobiomorpha","Lithobiidae",35,35,20,47.5519182657143,-34.8350138428571,46.426,10.54,2980.943,658,202,183,0.1085,16,0.8134,14,"not blind","no",28.2935785,60.5251929610161
"Lithobius crassipesoides","Lithobiomorpha","Lithobiidae",6,6,5,43.0294166666667,-2.01105,43.07835,0.2306,23.0358,631,97,30,0.0631,6,1,10.5,"not blind","no",35.9468500839615,43.748337714201
"Lithobius curtipes","Lithobiomorpha","Lithobiidae",7,7,6,51.9469128571429,10.9817342857143,51.701,11.7394,770.2303,676,112,59,0.0727,6,0.9524,11.5,"not blind","no",41.38001,71.1698440903913
"Lithobius dentatus","Lithobiomorpha","Lithobiidae",13,13,11,48.2369273076923,12.4426183846154,48.24,3.3849,171.6033,657,123,121,0.0876,6,0.8333,18,"not blind","no",39.7319933752801,56.663283770331
"Lithobius erythrocephalus","Lithobiomorpha","Lithobiidae",3,3,3,47.52,12.6023333333333,47.518,0.174,133.3276,658,0,0,0,1,0,16,"not blind","no",36.160099,61.73052
"Lithobius forficatus","Lithobiomorpha","Lithobiidae",51,51,38,46.2287134245098,-39.5683725970914,46.444,12.8675,3287.2731,658,223,192,0.0908,27,0.9286,35,"not blind","no",3.696833,66.2587956595189
"Lithobius glacialis","Lithobiomorpha","Lithobiidae",10,10,10,47.430318,12.414369,47.512,1.1988,104.5064,658,112,2,0.0348,5,0.8222,15,"not blind","no",46.4318173284695,54.983104153048
"Lithobius latro","Lithobiomorpha","Lithobiidae",3,3,3,47.2393333333333,12.13,47.251,0.067,6.2486,658,0,0,0,1,0,11,"not blind","no",34.9199876978896,54.983104153048
"Lithobius lucifugus","Lithobiomorpha","Lithobiidae",3,3,2,47.4223333333333,10.5813333333333,47.415,0.022,35.334,633,1,0,0.0011,2,0.6667,17,"not blind","no",34.9199876978896,57.475084
"Lithobius macilentus","Lithobiomorpha","Lithobiidae",12,12,12,48.4666933333333,11.1228658333333,48.0945,4.6907,315.805,658,95,93,0.0593,6,0.6818,14,"not blind","no",35.94685,59.990583
"Lithobius melanops","Lithobiomorpha","Lithobiidae",4,4,4,43.67423,3.0654725,48.575,19.9771,1676.8361,658,76,0,0.0578,2,0.5,17.5,"not blind","no",28.2935785,62.611511
"Lithobius microps","Lithobiomorpha","Lithobiidae",45,45,22,46.4023934888889,-42.5514014444444,46.426,6.494,3271.3992,658,152,137,0.0525,15,0.9101,9.5,"not blind","no",34.91999,53.1301075349112
"Lithobius mutabilis","Lithobiomorpha","Lithobiidae",26,26,20,49.2864033461538,12.2091995384615,48.976,4.8395,236.3827,658,206,94,0.0442,11,0.6738,17,"not blind","no",40.515205,52.2302298697624
"Lithobius muticus","Lithobiomorpha","Lithobiidae",4,4,4,48.066256,12.54367475,48.3295,2.424,206.6448,658,171,46,0.1552,4,1,17,"not blind","no",34.9199876978896,58.6350001084663
"Lithobius nodulipes","Lithobiomorpha","Lithobiidae",8,8,8,47.98025,12.776625,47.6505,5.189,246.8188,658,139,38,0.0683,3,0.4643,15,"not blind","no",36.6199872909954,54.983104153048
"Lithobius pelidnus","Lithobiomorpha","Lithobiidae",6,6,6,48.0536666666667,11.2501666666667,47.7285,1.581,219.8118,658,152,30,0.0894,6,1,16,"not blind","no",34.9199876978896,57.5913749028293
"Lithobius piceus","Lithobiomorpha","Lithobiidae",19,19,18,48.1804655263158,10.9998631578947,48.536,3.795,230.4667,658,103,39,0.0345,12,0.924,25,"not blind","no",35.8215347356537,58.6350001084663
"Lithobius pygmaeus","Lithobiomorpha","Lithobiidae",7,7,7,47.9221842857143,9.44939714285714,47.88,2.4927,218.5521,658,123,10,0.0581,6,0.9524,8.5,"not blind","no",45.4523163925932,54.983104153048
"Lithobius schuleri","Lithobiomorpha","Lithobiidae",8,8,6,47.44975,12.288,47.4605,0.588,79.7838,658,0,0,0,1,0,16,"not blind","no",34.9199876978896,54.983104153048
"Lithobius subtilis","Lithobiomorpha","Lithobiidae",3,3,2,47.4996666666667,11.4283333333333,48.48,2.941,334.2165,658,128,0,0.1291,2,0.6667,11.5,"not blind","no",41.181833256213,52.4049532292853
"Lithobius tenebrosus","Lithobiomorpha","Lithobiidae",7,7,7,47.7487728571429,12.0584342857143,47.705,2.0756,209.3372,658,63,1,0.028,4,0.7143,16,"not blind","no",34.91999,66.9778384072277
"Lithobius tricuspis","Lithobiomorpha","Lithobiidae",18,18,15,47.9852205555556,9.08101666666667,47.6675,5.644,292.0807,676,191,175,0.1146,11,0.9412,16,"not blind","no",35.9468500839615,58.6350001084663
"Lithobius valesiacus","Lithobiomorpha","Lithobiidae",8,8,6,47.538625,10.13525,48.1145,2.383,190.0255,658,102,99,0.0773,4,0.8214,13,"not blind","no",43.93448,48.562
"Lithobius variegatus","Lithobiomorpha","Lithobiidae",3,3,2,48.9844266666667,-4.63291,51.7,8.1467,640.4049,615,106,0,0.1149,2,0.6667,30,"not blind","no",42.0628218819512,57.618662
"Paralamyctes validus","Lithobiomorpha","Henicopidae",3,3,3,-41.50287,173.518126666667,-43.75,6.8586,516.3039,633,78,0,0.0824,2,0.6667,15,"not blind","no",-46.6412354469679,-34.4506617164503
"Alluropus calcaratus","Scolopendromorpha","Scolopendridae",14,14,14,15.3435793650794,100.752819444444,15.2862777777778,10.0864,470.6655,826,219,156,0.095,13,0.989,52,"not blind","yes",5.69138418214771,22.4647531193893
"Asanada sp. 2","Scolopendromorpha","Scolopendridae",3,3,3,15.6362833333333,74.1255233333333,15.95936,0.9739,77.1046,553,68,0,0.0859,2,0.6667,27,"not blind","yes",14.98779,15.9617083333333
"Cormocephalus delta","Scolopendromorpha","Scolopendridae",3,3,3,-22.0216666666667,117.030555333333,-22.141667,0.3606,94.5116,658,62,0,0.0628,2,0.6667,46,"blind","yes",-22.14194,-21.69639
"Cormocephalus hartmeyeri","Scolopendromorpha","Scolopendridae",3,3,3,-34.664482,116.642665666667,-34.533333,0.5732,123.433,624,49,0,0.0524,3,1,83,"not blind","yes",-35.1133300634832,-31.9290365774709
"Cormocephalus nigrifictus","Scolopendromorpha","Scolopendridae",19,19,13,11.9552970526316,75.8558245789474,11.98819,5.3223,281.5016,528,194,167,0.1344,19,1,70,"not blind","yes",8.95346,14.27571
"Cormocephalus nudipes_sp3","Scolopendromorpha","Scolopendridae",19,19,15,15.7664144715789,76.9636386826316,15.01146,11.7283,582.5925,528,204,145,0.1222,18,0.9942,70,"not blind","yes",8.73,20.45825296
"Cormocephalus nudipes2","Scolopendromorpha","Scolopendridae",5,5,4,19.292079006,84.452810404,18.96321,1.6435,75.3973,689,90,0,0.055,3,0.7,60,"not blind","yes",18.96306,20.60653503
"Cormocephalus pyropygus","Scolopendromorpha","Scolopendridae",3,3,3,-22.462963,118.2275,-22.139167,0.9969,98.5306,658,75,0,0.1056,3,1,53,"blind","yes",-23.12333,-22.12639
"Cormocephalus sagmus","Scolopendromorpha","Scolopendridae",3,3,3,-22.3762036666667,118.263704,-22.118056,0.7911,95.8806,658,86,0,0.0845,2,0.6667,69,"blind","yes",-22.12639,-22.10972
"Cormocephalus sp. 2","Scolopendromorpha","Scolopendridae",7,7,6,9.62481442857143,76.8785968571429,9.44369,1.5724,96.988,517,152,73,0.1269,7,1,70,"not blind","yes",8.73,10.302353
"Cormocephalus sp4_1","Scolopendromorpha","Scolopendridae",5,5,5,12.402256,75.581452,12.08458,1.5191,86.618,530,132,66,0.1391,5,1,40,"not blind","yes",11.94,13.45911
"Cormocephalus sp4_2","Scolopendromorpha","Scolopendridae",3,3,2,13.9742433333333,74.7862933333333,13.83274,0.4245,31.6436,601,42,0,0.0466,2,0.6667,31,"not blind","yes",13.83274,14.25725
"Cormocephalus turneri","Scolopendromorpha","Scolopendridae",4,4,4,-26.683889,119.565486,-25.2684725,5.6697,378.3172,658,83,0,0.0631,2,0.5,72,"not blind","yes",-34.6403208653491,-21.648083
"Cormocephalus westangelasensis","Scolopendromorpha","Scolopendridae",4,4,4,-23.0859025,118.4114585,-22.498611,3.1825,299.3444,658,110,31,0.096,4,1,105,"not blind","yes",-25.26444,-22.08194
"Cryptops anomalans","Scolopendromorpha","Cryptopidae",20,20,18,46.5228606383764,15.6724768090925,44.77271,8.5299,797.4187,639,185,137,0.1031,12,0.8474,40,"blind","yes",36.36452,53.463168
"Cryptops hortensis","Scolopendromorpha","Cryptopidae",18,18,15,50.2480774444444,9.80955772222222,51.045175,7.0807,410.7975,658,31,21,0.0043,14,0.9542,30,"blind","yes",-42.9070166741101,60.3126005365054
"Cryptops hortensis_rucneri","Scolopendromorpha","Cryptopidae",4,4,3,45.539,14.762,45.539,0,0.2339,596,12,5,0.0069,3,0.8333,22,"blind","yes",42.4046502307814,45.7124517899026
"Cryptops japonicus","Scolopendromorpha","Cryptopidae",6,6,6,21.5366666666667,120.043333333333,23.165,14.75,668.4381,658,209,124,0.1713,6,1,25,"blind","yes",10.38,53.554151
"Cryptops niuensis","Scolopendromorpha","Cryptopidae",11,11,3,-17.4863254545455,179.137004545455,-17.66378,1.2045,112.0111,658,96,78,0.0677,7,0.8182,20,"blind","yes",-19.1553060969497,-16.86633
"Cryptops parisi","Scolopendromorpha","Cryptopidae",31,31,29,49.3479463870968,9.85983477419355,48.883,5.8979,355.8205,658,103,101,0.0635,13,0.8559,30,"blind","yes",34.9199876978896,60.3126005365054
"Cryptops pictus","Scolopendromorpha","Cryptopidae",32,32,9,-22.19493659375,166.688480625,-22.17697,1.2225,81.0206,815,265,249,0.1328,21,0.9657,29,"blind","yes",-23.22175,-17.68686
"Digitipes barnabasi","Scolopendromorpha","Scolopendridae",24,24,22,15.08678875,75.23072875,15.67308,10.2704,555.8709,506,180,148,0.1119,22,0.9891,66,"not blind","yes",8.86194,19.1323
"Digitipes coonoorensis","Scolopendromorpha","Scolopendridae",15,15,13,10.779308,76.660562,10.98198,4.2612,130.0444,531,98,71,0.0753,12,0.9619,64,"not blind","yes",8.87275,13.13392
"Digitipes jangii","Scolopendromorpha","Scolopendridae",13,13,11,14.2334107692308,74.8351230769231,14.51634,5.523,197.4341,531,161,109,0.1133,13,1,47,"not blind","yes",12.38891,17.91192
"Digitipes jonesii","Scolopendromorpha","Scolopendridae",48,48,39,9.32116,76.9909964583333,9.00601,2.8568,93.7353,510,168,148,0.1031,30,0.9716,55,"not blind","yes",8.65853,11.5153
"Digitipes kalewaensis","Scolopendromorpha","Scolopendridae",4,4,1,23.2145,94.302,23.2145,0,0,706,31,3,0.0231,4,1,47,"not blind","yes",23.2145,23.2145
"Digitipes nudus","Scolopendromorpha","Scolopendridae",6,6,6,10.816645,76.651915,10.688895,3.6719,208.2768,528,135,79,0.1291,6,1,58,"not blind","yes",9.5286,13.20052
"Ethmostigmus praveeni","Scolopendromorpha","Scolopendridae",4,4,4,13.29383,75.2353,13.16786,1.392,95.8912,531,83,29,0.0916,4,1,100,"not blind","yes",12.72381,14.11582
"Ethmostigmus sahyadrensis","Scolopendromorpha","Scolopendridae",3,3,3,16.60542,73.88057,15.95936,1.9669,148.3029,465,65,0,0.0932,3,1,90,"not blind","yes",15.94495,17.9174
"Ethmostigmus tristis","Scolopendromorpha","Scolopendridae",3,3,2,11.4617,78.2942333333333,11.3174,0.4329,34.134,517,27,0,0.0348,3,1,105,"not blind","yes",11.30493,11.77625
"Hemiscolopendra marginata","Scolopendromorpha","Scolopendridae",5,5,4,29.7635394,-84.20299,27.6665,9.9782,932.1885,658,67,18,0.0475,5,1,57,"not blind","yes",17.172049,39.2080021576336
"Mimops orientalis","Scolopendromorpha","Mimopidae",3,3,1,33.98,108.69,33.98,0,0,840,4,0,0.0032,3,1,46,"not blind","yes",32.45416,35.0345
"Otostigmus aculeatus","Scolopendromorpha","Scolopendridae",8,8,8,23.965,120.6375,23.195,3.56,194.7073,654,141,120,0.1009,8,1,58,"not blind","yes",-8.780418,30.12843
"Otostigmus astenus","Scolopendromorpha","Scolopendridae",4,4,4,8.15365325,123.93669465,14.759055,38.3261,5065.7588,788,197,48,0.1595,4,1,40,"not blind","yes",-21.47322,32.61172
"Otostigmus multidens","Scolopendromorpha","Scolopendridae",8,8,8,8.55176805555556,106.788613472222,7.90030555555555,28.5583,2067.026,775,218,147,0.1346,8,1,48,"not blind","yes",-10.7016925,19.2047777777778
"Otostigmus ruficeps","Scolopendromorpha","Scolopendridae",8,8,8,10.90039,76.520585,10.970145,3.6589,186.74,540,143,108,0.1269,8,1,36,"not blind","yes",9.07171,12.73057
"Otostigmus rugulosus","Scolopendromorpha","Scolopendridae",7,7,7,15.975123015873,100.107642857143,15.5959444444444,6.5835,376.4959,826,186,84,0.0994,7,1,34,"not blind","yes",-20.5029442390983,33.25567
"Otostigmus scaber","Scolopendromorpha","Scolopendridae",13,13,13,22.8676452991453,114.874042735043,23.25,7.7723,1079.6887,654,183,150,0.1177,12,0.9872,44,"not blind","yes",-3.584461,48.46524
"Otostigmus spinosus","Scolopendromorpha","Scolopendridae",5,5,5,9.45927222222222,101.272588666667,8.88188888888889,7.8281,516.9766,826,189,69,0.1164,5,1,45,"not blind","yes",-8.780418,28.547835
"Otostigmus sulcipes","Scolopendromorpha","Scolopendridae",3,3,3,17.18915,100.041376666667,18.84356,9.6094,758.6464,786,173,0,0.1584,3,1,43,"not blind","yes",1.33630996704344,21.16664
"Rhysida immarginata","Scolopendromorpha","Scolopendridae",9,9,9,18.0837617283951,111.353652469136,23.18,20.0075,1601.9679,654,71,13,0.0266,5,0.8056,80,"not blind","yes",-22.8729187964822,28.547835
"Rhysida lewisi","Scolopendromorpha","Scolopendridae",11,11,7,14.5656909090909,74.6243272727273,14.5257,3.1578,197.9798,528,62,40,0.0451,9,0.9455,45,"not blind","yes",12.4054972222222,16.29166
"Rhysida longipes","Scolopendromorpha","Scolopendridae",12,12,12,17.8724858796296,98.4069479166667,18.5509166666667,16.1678,2667.6775,528,133,76,0.0873,8,0.8939,50,"not blind","yes",-20.422517,25.407578
"Rhysida pazhuthara","Scolopendromorpha","Scolopendridae",8,8,5,8.8039125,77.1415375,8.8016,0.2891,14.208,584,61,47,0.0509,8,1,50,"not blind","yes",8.66444444444445,8.95346
"Rhysida singaporensis","Scolopendromorpha","Scolopendridae",3,3,1,1.3546901,103.7763724,1.3546901,0,0,803,17,0,0.0141,3,1,90,"not blind","yes",-8.41759681970472,1.3546901
"Rhysida sp. 1","Scolopendromorpha","Scolopendridae",3,3,3,11.9914,77.0079,12.4055,1.6315,287.4407,517,83,0,0.1115,3,1,60,"not blind","yes",10.96864,12.600066
"Rhysida trispinosa","Scolopendromorpha","Scolopendridae",17,17,16,12.5075134705882,76.9772342941177,12.7686,7.2991,376.0225,528,149,100,0.0859,17,1,80,"not blind","yes",8.67988611111111,15.979
"Scolopendra canidens","Scolopendromorpha","Scolopendridae",3,3,3,37.38211,39.1639633333333,37.137,1.0973,2552.1551,674,118,0,0.1167,3,1,80,"not blind","yes",29.1887699949288,43.824211
"Scolopendra cingulata","Scolopendromorpha","Scolopendridae",66,66,53,39.7975064181885,23.2269069641688,37.3195,12.3465,700.5962,644,198,141,0.0137,56,0.9879,150,"not blind","yes",1.33630996704344,48.271294
"Scolopendra dawydoffi","Scolopendromorpha","Scolopendridae",4,4,3,13.9227916666667,101.843020833333,14.5247916666667,2.4373,169.858,814,33,0,0.0203,3,0.8333,162,"not blind","yes",4.54673845356782,23.144462
"Scolopendra dehaani","Scolopendromorpha","Scolopendridae",39,39,37,15.0366593752137,101.791258123932,14.7218333333333,18.6743,820.3054,814,259,194,0.0774,38,0.9987,250,"not blind","yes",-6.199726,23.7202901118565
"Scolopendra hainanum","Scolopendromorpha","Scolopendridae",3,3,1,22.272958,109.551843,22.272958,0,0,627,0,0,0,1,0,160,"not blind","yes",20.0237563720643,22.272958
"Scolopendra japonica","Scolopendromorpha","Scolopendridae",8,8,6,27.1090486111111,117.571548611111,27.2393888888889,16.7919,1997.0788,654,136,133,0.1029,7,0.9643,130,"not blind","yes",-0.1432942,36.2382
"Scolopendra mojiangica","Scolopendromorpha","Scolopendridae",8,8,2,23.469477,101.71785235,23.469477,0.0643,4.9232,632,1,0,4e-04,2,0.25,150,"not blind","yes",23.4373305,23.5
"Scolopendra morsitans","Scolopendromorpha","Scolopendridae",34,34,24,16.1820026339869,84.7968716601307,15.15425,15.7778,2557.7479,528,264,203,0.1582,28,0.9822,120,"not blind","yes",-37.81422,33.843941
"Scolopendra multidens","Scolopendromorpha","Scolopendridae",15,15,11,23.0579173392593,114.178721425185,22.6570263,8.7553,789.5706,632,89,51,0.0399,8,0.8762,114,"not blind","yes",-6.5621328677113,25.816849
"Scolopendra mutilans","Scolopendromorpha","Scolopendridae",35,35,15,30.7791132371429,114.863033749841,31.1708218,9.37,435.6236,632,87,46,0.0162,8,0.4084,160,"not blind","yes",24.63,35.44499
"Scolopendra negrocapitis","Scolopendromorpha","Scolopendridae",3,3,2,31.6699296666667,114.8797443,31.691143,0.0636,284.7049,632,52,0,0.0525,3,1,75,"not blind","yes",31,31.691143
"Scolopendra paradoxa","Scolopendromorpha","Scolopendridae",4,4,2,14.1120902777777,120.953451388889,13.2776944444444,3.3376,186.0132,684,8,0,0.0059,3,0.8333,140,"not blind","yes",13.27769,16.86603
"Scolopendra pinguis","Scolopendromorpha","Scolopendridae",8,8,8,18.819375,100.763513888889,19.3526388888889,5.6288,410.4053,814,277,180,0.1558,8,1,85,"not blind","yes",-6.307359,20.69906
"Scolopocryptops capillipedatus","Scolopendromorpha","Scolopocryptopidae",4,4,4,23.745,121.14,23.75,1.7,119.3033,654,84,24,0.0734,4,1,20,"blind","yes",22.166621,41.5274740961906
"Scolopocryptops rubiginosus","Scolopendromorpha","Scolopocryptopidae",5,5,5,25.118,114.618,25.13,9.47,1226.9135,654,46,36,0.0442,5,1,45,"blind","yes",18.2864672043405,44.4694099399066
"Sterropristes metallicus","Scolopendromorpha","Scolopendridae",3,3,3,8.94223133333333,99.3461066666667,7.769333,4.0571,317.1956,826,107,0,0.0892,3,1,43,"not blind","yes",5.435806,11.55725
"Theatops erythrocephalus","Scolopendromorpha","Plutoniumidae",3,3,3,42.7808356619333,2.75614199526667,41.8026569858,3.7502,1252.2689,733,83,0,0.0863,3,1,40,"blind","yes",35.94685,46.50375
"Allothereua maculata","Scutigeromorpha","Scutigeridae",5,5,4,-33.9769324364444,115.828909822222,-34.2513888888889,1.4566,99.1864,798,42,39,0.0304,3,0.8,25,"not blind","no",-34.53996998,-31.123608
"Allothereua serrulata","Scutigeromorpha","Scutigeridae",3,3,2,-28.2899066666667,152.414373333333,-29.1,2.4303,181.3794,656,128,0,0.1335,3,1,27,"not blind","no",-36.5494706301708,-26.2520835776793
"Parascutigera latericia","Scutigeromorpha","Scutigeridae",3,3,3,-21.2642592592592,165.504722222222,-21.1833333333333,1.8006,200.6098,792,120,0,0.1007,3,1,15,"not blind","no",-22.3999760881469,-20.1056458472524
"Parascutigera sphinx","Scutigeromorpha","Scutigeridae",3,3,2,-32.6432570256667,116.083123683933,-32.7626350243,0.3581,26.6057,811,23,0,0.0172,3,1,20,"not blind","no",-32.7626350243,-32.11271
"Scutigera coleoptrata","Scutigeromorpha","Scutigeridae",4,4,4,22.8143518708333,3.42985342550075,41.4404151666667,76.2901,7982.2068,792,127,9,0.0846,4,1,35,"not blind","no",-33.883,60.07663
"Scutigerina weberi","Scutigeromorpha","Scutigerinidae",3,3,3,-26.5715666666667,30.22072,-26.100636,7.6482,580.7928,656,91,0,0.0977,3,1,20,"not blind","no",-34.2251875614988,-18.4147059501213
