"gene","dir","proportion_retained","num_seqs_unaligned","num_seqs_aligned","kingdom","phylum","class","order","family","genus","species","subspecies","different_genbank_species","phylogatr_id","accession","source_id","latitude","longitude","basis_of_record","coordinate_uncertainty_in_meters","issue","flag"
"Anopsobius-neozelanicus-COI","Chilopoda/Lithobiomorpha/Henicopidae/Anopsobius-neozelanicus",1,3,3,"Animalia","Arthropoda","Chilopoda","Lithobiomorpha","Henicopidae","Anopsobius","Anopsobius neozelanicus",NA,"Anopsobius neozelandicus","DQ222165_728042430","DQ222165","728042430",-38.729154,177.162869,"PRESERVED_SPECIMEN",0,"TYPE_STATUS_INVALID;OCCURRENCE_STATUS_INFERRED_FROM_INDIVIDUAL_COUNT;COORDINATE_ROUNDED",NA
"Anopsobius-neozelanicus-COI","Chilopoda/Lithobiomorpha/Henicopidae/Anopsobius-neozelanicus",1,3,3,"Animalia","Arthropoda","Chilopoda","Lithobiomorpha","Henicopidae","Anopsobius","Anopsobius neozelanicus",NA,"Anopsobius neozelandicus","AY509029_728042427","AY509029","728042427",-46.581775,169.209018,"PRESERVED_SPECIMEN",0,"OCCURRENCE_STATUS_INFERRED_FROM_INDIVIDUAL_COUNT;COORDINATE_ROUNDED",NA
"Anopsobius-neozelanicus-COI","Chilopoda/Lithobiomorpha/Henicopidae/Anopsobius-neozelanicus",1,3,3,"Animalia","Arthropoda","Chilopoda","Lithobiomorpha","Henicopidae","Anopsobius","Anopsobius neozelanicus",NA,"Anopsobius neozelandicus","AY509030_728042430","AY509030","728042430",-38.729154,177.162869,"PRESERVED_SPECIMEN",0,"TYPE_STATUS_INVALID;OCCURRENCE_STATUS_INFERRED_FROM_INDIVIDUAL_COUNT;COORDINATE_ROUNDED",NA
"Clinopodes-carinthiacus-COI","Chilopoda/Geophilomorpha/Geophilidae/Clinopodes-carinthiacus",1,5,5,"Animalia","Arthropoda","Chilopoda","Geophilomorpha","Geophilidae","Clinopodes","Clinopodes carinthiacus",NA,NA,"MT994080_KROK034-19","MT994080","KROK034-19",45.539,14.76,NA,NA,NA,NA
"Clinopodes-carinthiacus-COI","Chilopoda/Geophilomorpha/Geophilidae/Clinopodes-carinthiacus",1,5,5,"Animalia","Arthropoda","Chilopoda","Geophilomorpha","Geophilidae","Clinopodes","Clinopodes carinthiacus",NA,NA,"OL874927_KROK090-20","OL874927","KROK090-20",45.539,14.76,NA,NA,NA,NA
"Clinopodes-carinthiacus-COI","Chilopoda/Geophilomorpha/Geophilidae/Clinopodes-carinthiacus",1,5,5,"Animalia","Arthropoda","Chilopoda","Geophilomorpha","Geophilidae","Clinopodes","Clinopodes carinthiacus",NA,NA,"MT994079_KROK025-19","MT994079","KROK025-19",45.539,14.765,NA,NA,NA,NA
"Clinopodes-carinthiacus-COI","Chilopoda/Geophilomorpha/Geophilidae/Clinopodes-carinthiacus",1,5,5,"Animalia","Arthropoda","Chilopoda","Geophilomorpha","Geophilidae","Clinopodes","Clinopodes carinthiacus",NA,NA,"OL874928_KROK100-20","OL874928","KROK100-20",45.539,14.761,NA,NA,NA,NA
"Clinopodes-carinthiacus-COI","Chilopoda/Geophilomorpha/Geophilidae/Clinopodes-carinthiacus",1,5,5,"Animalia","Arthropoda","Chilopoda","Geophilomorpha","Geophilidae","Clinopodes","Clinopodes carinthiacus",NA,NA,"OL874929_KROK098-20","OL874929","KROK098-20",45.539,14.765,NA,NA,NA,NA
"Cryptops-hortensis_rucneri-COI","Chilopoda/Scolopendromorpha/Cryptopidae/Cryptops-hortensis_rucneri",1,4,4,"Animalia","Arthropoda","Chilopoda","Scolopendromorpha","Cryptopidae","Cryptops","Cryptops hortensis_rucneri",NA,NA,"OL874937_KROK116-20","OL874937","KROK116-20",45.539,14.765,NA,NA,NA,NA
"Cryptops-hortensis_rucneri-COI","Chilopoda/Scolopendromorpha/Cryptopidae/Cryptops-hortensis_rucneri",1,4,4,"Animalia","Arthropoda","Chilopoda","Scolopendromorpha","Cryptopidae","Cryptops","Cryptops hortensis_rucneri",NA,NA,"OL874935_KROK118-20","OL874935","KROK118-20",45.539,14.76,NA,NA,NA,NA
"Cryptops-hortensis_rucneri-COI","Chilopoda/Scolopendromorpha/Cryptopidae/Cryptops-hortensis_rucneri",1,4,4,"Animalia","Arthropoda","Chilopoda","Scolopendromorpha","Cryptopidae","Cryptops","Cryptops hortensis_rucneri",NA,NA,"OL874938_KROK115-20","OL874938","KROK115-20",45.539,14.763,NA,NA,NA,NA
"Cryptops-hortensis_rucneri-COI","Chilopoda/Scolopendromorpha/Cryptopidae/Cryptops-hortensis_rucneri",1,4,4,"Animalia","Arthropoda","Chilopoda","Scolopendromorpha","Cryptopidae","Cryptops","Cryptops hortensis_rucneri",NA,NA,"OL874936_KROK117-20","OL874936","KROK117-20",45.539,14.76,NA,NA,NA,NA
"Dicellophilus-carniolensis-COI","Chilopoda/Geophilomorpha/Mecistocephalidae/Dicellophilus-carniolensis",1,3,3,"Animalia","Arthropoda","Chilopoda","Geophilomorpha","Mecistocephalidae","Dicellophilus","Dicellophilus carniolensis",NA,NA,"OL874945_KROK091-20","OL874945","KROK091-20",45.539,14.763,NA,NA,NA,NA
"Dicellophilus-carniolensis-COI","Chilopoda/Geophilomorpha/Mecistocephalidae/Dicellophilus-carniolensis",1,3,3,"Animalia","Arthropoda","Chilopoda","Geophilomorpha","Mecistocephalidae","Dicellophilus","Dicellophilus carniolensis",NA,NA,"MT994090_KROK032-19","MT994090","KROK032-19",45.539,14.765,NA,NA,NA,NA
"Dicellophilus-carniolensis-COI","Chilopoda/Geophilomorpha/Mecistocephalidae/Dicellophilus-carniolensis",1,3,3,"Animalia","Arthropoda","Chilopoda","Geophilomorpha","Mecistocephalidae","Dicellophilus","Dicellophilus carniolensis",NA,NA,"MT994089_KROK026-19","MT994089","KROK026-19",45.539,14.763,NA,NA,NA,NA
"Hemiscolopendra-marginata-COI","Chilopoda/Scolopendromorpha/Scolopendridae/Hemiscolopendra-marginata",1,5,5,"Animalia","Arthropoda","Chilopoda","Scolopendromorpha","Scolopendridae","Hemiscolopendra","Hemiscolopendra marginata",NA,NA,"HQ402548_727586523","HQ402548","727586523",37.242197,-78.46445,"PRESERVED_SPECIMEN",0,"TYPE_STATUS_INVALID;OCCURRENCE_STATUS_INFERRED_FROM_INDIVIDUAL_COUNT;COORDINATE_ROUNDED;GEODETIC_DATUM_ASSUMED_WGS84;GEODETIC_DATUM_INVALID",NA
"Hemiscolopendra-marginata-COI","Chilopoda/Scolopendromorpha/Scolopendridae/Hemiscolopendra-marginata",1,5,5,"Animalia","Arthropoda","Chilopoda","Scolopendromorpha","Scolopendridae","Hemiscolopendra","Hemiscolopendra marginata",NA,NA,"00000000_MYRUS197-12",NA,"MYRUS197-12",27.264,-82.288,NA,NA,NA,NA
"Hemiscolopendra-marginata-COI","Chilopoda/Scolopendromorpha/Scolopendridae/Hemiscolopendra-marginata",1,5,5,"Animalia","Arthropoda","Chilopoda","Scolopendromorpha","Scolopendridae","Hemiscolopendra","Hemiscolopendra marginata",NA,NA,"00000000_MYRUS189-12",NA,"MYRUS189-12",29.381,-95.595,NA,NA,NA,NA
"Hemiscolopendra-marginata-COI","Chilopoda/Scolopendromorpha/Scolopendridae/Hemiscolopendra-marginata",1,5,5,"Animalia","Arthropoda","Chilopoda","Scolopendromorpha","Scolopendridae","Hemiscolopendra","Hemiscolopendra marginata",NA,NA,"00000000_MYRUS106-10",NA,"MYRUS106-10",27.6665,-82.3795,NA,NA,NA,NA
"Hemiscolopendra-marginata-COI","Chilopoda/Scolopendromorpha/Scolopendridae/Hemiscolopendra-marginata",1,5,5,"Animalia","Arthropoda","Chilopoda","Scolopendromorpha","Scolopendridae","Hemiscolopendra","Hemiscolopendra marginata",NA,NA,"00000000_MYRUS195-12",NA,"MYRUS195-12",27.264,-82.288,NA,NA,NA,NA
"Lithobius-subtilis-COI","Chilopoda/Lithobiomorpha/Lithobiidae/Lithobius-subtilis",1,3,3,"Animalia","Arthropoda","Chilopoda","Lithobiomorpha","Lithobiidae","Lithobius","Lithobius subtilis",NA,NA,"KX458640_2307657724","KX458640","2307657724",48.48,9.76,"PRESERVED_SPECIMEN",0,"COUNTRY_DERIVED_FROM_COORDINATES;GEODETIC_DATUM_ASSUMED_WGS84",NA
"Lithobius-subtilis-COI","Chilopoda/Lithobiomorpha/Lithobiidae/Lithobius-subtilis",1,3,3,"Animalia","Arthropoda","Chilopoda","Lithobiomorpha","Lithobiidae","Lithobius","Lithobius subtilis",NA,NA,"KX458675_2310467676","KX458675","2310467676",48.48,9.76,"PRESERVED_SPECIMEN",0,"COUNTRY_DERIVED_FROM_COORDINATES;GEODETIC_DATUM_ASSUMED_WGS84",NA
"Lithobius-subtilis-COI","Chilopoda/Lithobiomorpha/Lithobiidae/Lithobius-subtilis",1,3,3,"Animalia","Arthropoda","Chilopoda","Lithobiomorpha","Lithobiidae","Lithobius","Lithobius subtilis",NA,NA,"OL874960_KROK107-20","OL874960","KROK107-20",45.539,14.765,NA,NA,NA,NA
"Lithobius-variegatus-COI","Chilopoda/Lithobiomorpha/Lithobiidae/Lithobius-variegatus",1,3,3,"Animalia","Arthropoda","Chilopoda","Lithobiomorpha","Lithobiidae","Lithobius","Lithobius variegatus",NA,"Lithobius variegatus rubriceps","KX458661_2310425757","KX458661","2310425757",51.7,-3.22,"PRESERVED_SPECIMEN",0,"COUNTRY_DERIVED_FROM_COORDINATES;GEODETIC_DATUM_ASSUMED_WGS84",NA
"Lithobius-variegatus-COI","Chilopoda/Lithobiomorpha/Lithobiidae/Lithobius-variegatus",1,3,3,"Animalia","Arthropoda","Chilopoda","Lithobiomorpha","Lithobiidae","Lithobius","Lithobius variegatus",NA,"Lithobius variegatus rubriceps","KX458671_2309570783","KX458671","2309570783",51.7,-3.22,"PRESERVED_SPECIMEN",0,"COUNTRY_DERIVED_FROM_COORDINATES;GEODETIC_DATUM_ASSUMED_WGS84",NA
"Lithobius-variegatus-COI","Chilopoda/Lithobiomorpha/Lithobiidae/Lithobius-variegatus",1,3,3,"Animalia","Arthropoda","Chilopoda","Lithobiomorpha","Lithobiidae","Lithobius","Lithobius variegatus",NA,"Lithobius variegatus rubriceps","AF334311_728042521","AF334311","728042521",43.55328,-7.45873,"PRESERVED_SPECIMEN",301,"OCCURRENCE_STATUS_INFERRED_FROM_INDIVIDUAL_COUNT",NA
"Schendyla-armata-COI","Chilopoda/Geophilomorpha/Schendylidae/Schendyla-armata",1,4,4,"Animalia","Arthropoda","Chilopoda","Geophilomorpha","Schendylidae","Schendyla","Schendyla armata",NA,NA,"OL874972_KROK092-20","OL874972","KROK092-20",45.539,14.765,NA,NA,NA,NA
"Schendyla-armata-COI","Chilopoda/Geophilomorpha/Schendylidae/Schendyla-armata",1,4,4,"Animalia","Arthropoda","Chilopoda","Geophilomorpha","Schendylidae","Schendyla","Schendyla armata",NA,NA,"OL874971_KROK102-20","OL874971","KROK102-20",45.539,14.764,NA,NA,NA,NA
"Schendyla-armata-COI","Chilopoda/Geophilomorpha/Schendylidae/Schendyla-armata",1,4,4,"Animalia","Arthropoda","Chilopoda","Geophilomorpha","Schendylidae","Schendyla","Schendyla armata",NA,NA,"OL874974_KROK094-20","OL874974","KROK094-20",45.539,14.76,NA,NA,NA,NA
"Schendyla-armata-COI","Chilopoda/Geophilomorpha/Schendylidae/Schendyla-armata",1,4,4,"Animalia","Arthropoda","Chilopoda","Geophilomorpha","Schendylidae","Schendyla","Schendyla armata",NA,NA,"OL874973_KROK093-20","OL874973","KROK093-20",45.539,14.76,NA,NA,NA,NA
"Schendyla-tyrolensis-COI","Chilopoda/Geophilomorpha/Schendylidae/Schendyla-tyrolensis",1,3,3,"Animalia","Arthropoda","Chilopoda","Geophilomorpha","Schendylidae","Schendyla","Schendyla tyrolensis",NA,NA,"MT994138_KROK029-19","MT994138","KROK029-19",45.539,14.763,NA,NA,NA,NA
"Schendyla-tyrolensis-COI","Chilopoda/Geophilomorpha/Schendylidae/Schendyla-tyrolensis",1,3,3,"Animalia","Arthropoda","Chilopoda","Geophilomorpha","Schendylidae","Schendyla","Schendyla tyrolensis",NA,NA,"OL874975_KROK099-20","OL874975","KROK099-20",45.539,14.765,NA,NA,NA,NA
"Schendyla-tyrolensis-COI","Chilopoda/Geophilomorpha/Schendylidae/Schendyla-tyrolensis",1,3,3,"Animalia","Arthropoda","Chilopoda","Geophilomorpha","Schendylidae","Schendyla","Schendyla tyrolensis",NA,NA,"OL874976_KROK095-20","OL874976","KROK095-20",45.539,14.76,NA,NA,NA,NA
"Scutigerina-weberi-COI","Chilopoda/Scutigeromorpha/Scutigerinidae/Scutigerina-weberi",1,4,4,"Animalia","Arthropoda","Chilopoda","Scutigeromorpha","Scutigerinidae","Scutigerina","Scutigerina weberi",NA,"Pleuromamma abdominalis","KF218788_727587330","KF218788","727587330",-30.631128,29.715964,"PRESERVED_SPECIMEN",0,"TYPE_STATUS_INVALID;OCCURRENCE_STATUS_INFERRED_FROM_INDIVIDUAL_COUNT;COORDINATE_ROUNDED",NA
"Scutigerina-weberi-COI","Chilopoda/Scutigeromorpha/Scutigerinidae/Scutigerina-weberi",1,4,4,"Animalia","Arthropoda","Chilopoda","Scutigeromorpha","Scutigerinidae","Scutigerina","Scutigerina weberi",NA,"Pleuromamma abdominalis","KF218789_727585666","KF218789","727585666",-22.982936,29.855644,"PRESERVED_SPECIMEN",0,"TYPE_STATUS_INVALID;OCCURRENCE_STATUS_INFERRED_FROM_INDIVIDUAL_COUNT;COORDINATE_ROUNDED",NA
"Scutigerina-weberi-COI","Chilopoda/Scutigeromorpha/Scutigerinidae/Scutigerina-weberi",1,4,4,"Animalia","Arthropoda","Chilopoda","Scutigeromorpha","Scutigerinidae","Scutigerina","Scutigerina weberi",NA,"Pleuromamma abdominalis","DQ222166_727585521","DQ222166","727585521",-21.2665,47.420167,"PRESERVED_SPECIMEN",0,"TYPE_STATUS_INVALID;OCCURRENCE_STATUS_INFERRED_FROM_INDIVIDUAL_COUNT;COORDINATE_ROUNDED;GEODETIC_DATUM_ASSUMED_WGS84;GEODETIC_DATUM_INVALID",NA
"Scutigerina-weberi-COI","Chilopoda/Scutigeromorpha/Scutigerinidae/Scutigerina-weberi",1,4,4,"Animalia","Arthropoda","Chilopoda","Scutigeromorpha","Scutigerinidae","Scutigerina","Scutigerina weberi",NA,"Pleuromamma abdominalis","AY288741_727585646","AY288741","727585646",-26.100636,31.090552,"PRESERVED_SPECIMEN",0,"TYPE_STATUS_INVALID;OCCURRENCE_STATUS_INFERRED_FROM_INDIVIDUAL_COUNT",NA
"Strigamia-chionophila-COI","Chilopoda/Geophilomorpha/Linotaeniidae/Strigamia-chionophila",1,4,4,"Animalia","Arthropoda","Chilopoda","Geophilomorpha","Linotaeniidae","Strigamia","Strigamia chionophila",NA,"Linotaeniidae sp. BIOUG24354-D01","LT630327_1146125347","LT630327","1146125347",52.17177,-175.52917,"PRESERVED_SPECIMEN",11,"TYPE_STATUS_INVALID;OCCURRENCE_STATUS_INFERRED_FROM_INDIVIDUAL_COUNT",NA
"Strigamia-chionophila-COI","Chilopoda/Geophilomorpha/Linotaeniidae/Strigamia-chionophila",1,4,4,"Animalia","Arthropoda","Chilopoda","Geophilomorpha","Linotaeniidae","Strigamia","Strigamia chionophila",NA,"Linotaeniidae sp. BIOUG24354-D01","MG314201_2251457929","MG314201","2251457929",57.532,-130.202,"MATERIAL_SAMPLE",0,"GEODETIC_DATUM_ASSUMED_WGS84",NA
"Strigamia-chionophila-COI","Chilopoda/Geophilomorpha/Linotaeniidae/Strigamia-chionophila",1,4,4,"Animalia","Arthropoda","Chilopoda","Geophilomorpha","Linotaeniidae","Strigamia","Strigamia chionophila",NA,"Linotaeniidae sp. BIOUG24354-D01","00000000_MOBIL2553-17",NA,"MOBIL2553-17",59.6315,-151.05,NA,NA,NA,NA
"Strigamia-chionophila-COI","Chilopoda/Geophilomorpha/Linotaeniidae/Strigamia-chionophila",1,4,4,"Animalia","Arthropoda","Chilopoda","Geophilomorpha","Linotaeniidae","Strigamia","Strigamia chionophila",NA,"Linotaeniidae sp. BIOUG24354-D01","00000000_MOBIL1240-16",NA,"MOBIL1240-16",60.4647,-151.073,NA,NA,NA,NA
