"gene","dir","proportion_retained","num_seqs_unaligned","num_seqs_aligned","kingdom","phylum","class","order","family","genus","species","subspecies","different_genbank_species","phylogatr_id","accession","source_id","latitude","longitude","basis_of_record","coordinate_uncertainty_in_meters","issue","flag"
"Cryptops-anomalans-COI","Chilopoda/Scolopendromorpha/Cryptopidae/Cryptops-anomalans",1,5,5,"Animalia","Arthropoda","Chilopoda","Scolopendromorpha","Cryptopidae","Cryptops","Cryptops anomalans",NA,NA,"00000000_TDAOE448-21",NA,"TDAOE448-21",48.2399,16.3015,NA,NA,NA,NA
"Cryptops-hortensis-COI","Chilopoda/Scolopendromorpha/Cryptopidae/Cryptops-hortensis",1,12,12,"Animalia","Arthropoda","Chilopoda","Scolopendromorpha","Cryptopidae","Cryptops","Cryptops hortensis",NA,NA,"00000000_TDWGB796-10",NA,"TDWGB796-10",41.5283,-70.6512,NA,NA,NA,NA
"Cryptops-hortensis-COI","Chilopoda/Scolopendromorpha/Cryptopidae/Cryptops-hortensis",1,12,12,"Animalia","Arthropoda","Chilopoda","Scolopendromorpha","Cryptopidae","Cryptops","Cryptops hortensis",NA,NA,"00000000_GENHP178-11",NA,"GENHP178-11",49.48,0.954,NA,NA,NA,NA
"Cryptops-hortensis-COI","Chilopoda/Scolopendromorpha/Cryptopidae/Cryptops-hortensis",1,12,12,"Animalia","Arthropoda","Chilopoda","Scolopendromorpha","Cryptopidae","Cryptops","Cryptops hortensis",NA,NA,"00000000_GENHP177-11",NA,"GENHP177-11",49.48,0.954,NA,NA,NA,NA
"Cryptops-hortensis-COI","Chilopoda/Scolopendromorpha/Cryptopidae/Cryptops-hortensis",1,12,12,"Animalia","Arthropoda","Chilopoda","Scolopendromorpha","Cryptopidae","Cryptops","Cryptops hortensis",NA,NA,"OL874933_KROK126-20","OL874933","KROK126-20",45.539,14.764,NA,NA,NA,NA
"Cryptops-hortensis-COI","Chilopoda/Scolopendromorpha/Cryptopidae/Cryptops-hortensis",1,12,12,"Animalia","Arthropoda","Chilopoda","Scolopendromorpha","Cryptopidae","Cryptops","Cryptops hortensis",NA,NA,"OL874934_KROK125-20","OL874934","KROK125-20",45.539,14.764,NA,NA,NA,NA
"Cryptops-parisi-COI","Chilopoda/Scolopendromorpha/Cryptopidae/Cryptops-parisi",1,24,24,"Animalia","Arthropoda","Chilopoda","Scolopendromorpha","Cryptopidae","Cryptops","Cryptops parisi",NA,NA,"00000000_GENHP239-11",NA,"GENHP239-11",49.4694,1.10196,NA,NA,NA,NA
"Cryptops-parisi-COI","Chilopoda/Scolopendromorpha/Cryptopidae/Cryptops-parisi",1,24,24,"Animalia","Arthropoda","Chilopoda","Scolopendromorpha","Cryptopidae","Cryptops","Cryptops parisi",NA,NA,"OL874943_KROK123-20","OL874943","KROK123-20",45.539,14.761,NA,NA,NA,NA
"Cryptops-parisi-COI","Chilopoda/Scolopendromorpha/Cryptopidae/Cryptops-parisi",1,24,24,"Animalia","Arthropoda","Chilopoda","Scolopendromorpha","Cryptopidae","Cryptops","Cryptops parisi",NA,NA,"MT994086_KROK050-19","MT994086","KROK050-19",45.539,14.76,NA,NA,NA,NA
"Cryptops-parisi-COI","Chilopoda/Scolopendromorpha/Cryptopidae/Cryptops-parisi",1,24,24,"Animalia","Arthropoda","Chilopoda","Scolopendromorpha","Cryptopidae","Cryptops","Cryptops parisi",NA,NA,"OL874940_KROK120-20","OL874940","KROK120-20",45.539,14.765,NA,NA,NA,NA
"Cryptops-parisi-COI","Chilopoda/Scolopendromorpha/Cryptopidae/Cryptops-parisi",1,24,24,"Animalia","Arthropoda","Chilopoda","Scolopendromorpha","Cryptopidae","Cryptops","Cryptops parisi",NA,NA,"OL874942_KROK122-20","OL874942","KROK122-20",45.539,14.76,NA,NA,NA,NA
"Cryptops-parisi-COI","Chilopoda/Scolopendromorpha/Cryptopidae/Cryptops-parisi",1,24,24,"Animalia","Arthropoda","Chilopoda","Scolopendromorpha","Cryptopidae","Cryptops","Cryptops parisi",NA,NA,"00000000_GENHP004-11",NA,"GENHP004-11",49.4342,0.713709,NA,NA,NA,NA
"Cryptops-parisi-COI","Chilopoda/Scolopendromorpha/Cryptopidae/Cryptops-parisi",1,24,24,"Animalia","Arthropoda","Chilopoda","Scolopendromorpha","Cryptopidae","Cryptops","Cryptops parisi",NA,NA,"00000000_COLNO206-09",NA,"COLNO206-09",49.457,1.069,NA,NA,NA,NA
"Cryptops-parisi-COI","Chilopoda/Scolopendromorpha/Cryptopidae/Cryptops-parisi",1,24,24,"Animalia","Arthropoda","Chilopoda","Scolopendromorpha","Cryptopidae","Cryptops","Cryptops parisi",NA,NA,"OL874941_KROK119-20","OL874941","KROK119-20",45.539,14.765,NA,NA,NA,NA
"Cryptops-parisi-COI","Chilopoda/Scolopendromorpha/Cryptopidae/Cryptops-parisi",1,24,24,"Animalia","Arthropoda","Chilopoda","Scolopendromorpha","Cryptopidae","Cryptops","Cryptops parisi",NA,NA,"OL874944_KROK124-20","OL874944","KROK124-20",45.539,14.763,NA,NA,NA,NA
"Cryptops-parisi-COI","Chilopoda/Scolopendromorpha/Cryptopidae/Cryptops-parisi",1,24,24,"Animalia","Arthropoda","Chilopoda","Scolopendromorpha","Cryptopidae","Cryptops","Cryptops parisi",NA,NA,"OL874939_KROK121-20","OL874939","KROK121-20",45.539,14.76,NA,NA,NA,NA
"Eupolybothrus-tridentinus-COI","Chilopoda/Lithobiomorpha/Lithobiidae/Eupolybothrus-tridentinus",1,11,11,"Animalia","Arthropoda","Chilopoda","Lithobiomorpha","Lithobiidae","Eupolybothrus","Eupolybothrus tridentinus",NA,NA,"MT994100_KROK035-19","MT994100","KROK035-19",45.539,14.76,NA,NA,NA,NA
"Geophilus-flavus-COI","Chilopoda/Geophilomorpha/Geophilidae/Geophilus-flavus",1,8,8,"Animalia","Arthropoda","Chilopoda","Geophilomorpha","Geophilidae","Geophilus","Geophilus flavus",NA,NA,"00000000_BBLZA161-16",NA,"BBLZA161-16",43.7768,-79.461,NA,NA,NA,NA
"Geophilus-flavus-COI","Chilopoda/Geophilomorpha/Geophilidae/Geophilus-flavus",1,8,8,"Animalia","Arthropoda","Chilopoda","Geophilomorpha","Geophilidae","Geophilus","Geophilus flavus",NA,NA,"00000000_BBLZA167-16",NA,"BBLZA167-16",43.7299,-79.323,NA,NA,NA,NA
"Geophilus-flavus-COI","Chilopoda/Geophilomorpha/Geophilidae/Geophilus-flavus",1,8,8,"Animalia","Arthropoda","Chilopoda","Geophilomorpha","Geophilidae","Geophilus","Geophilus flavus",NA,NA,"00000000_GBIOB1249-19",NA,"GBIOB1249-19",46.4879,-63.382,NA,NA,NA,NA
"Geophilus-flavus-COI","Chilopoda/Geophilomorpha/Geophilidae/Geophilus-flavus",1,8,8,"Animalia","Arthropoda","Chilopoda","Geophilomorpha","Geophilidae","Geophilus","Geophilus flavus",NA,NA,"00000000_GBIOB1248-19",NA,"GBIOB1248-19",46.4879,-63.382,NA,NA,NA,NA
"Geophilus-flavus-COI","Chilopoda/Geophilomorpha/Geophilidae/Geophilus-flavus",1,8,8,"Animalia","Arthropoda","Chilopoda","Geophilomorpha","Geophilidae","Geophilus","Geophilus flavus",NA,NA,"00000000_ARTNO232-17",NA,"ARTNO232-17",58.1412,7.17516,NA,NA,NA,NA
"Geophilus-proximus-COI","Chilopoda/Geophilomorpha/Geophilidae/Geophilus-proximus",1,7,7,"Animalia","Arthropoda","Chilopoda","Geophilomorpha","Geophilidae","Geophilus","Geophilus proximus",NA,NA,"00000000_BBMYC003-11",NA,"BBMYC003-11",51.039,-118.148,NA,NA,NA,NA
"Geophilus-proximus-COI","Chilopoda/Geophilomorpha/Geophilidae/Geophilus-proximus",1,7,7,"Animalia","Arthropoda","Chilopoda","Geophilomorpha","Geophilidae","Geophilus","Geophilus proximus",NA,NA,"00000000_ARTNO246-17",NA,"ARTNO246-17",58.7899,5.8083,NA,NA,NA,NA
"Lithobius-castaneus-COI","Chilopoda/Lithobiomorpha/Lithobiidae/Lithobius-castaneus",1,3,3,"Animalia","Arthropoda","Chilopoda","Lithobiomorpha","Lithobiidae","Lithobius","Lithobius castaneus",NA,NA,"MT994113_KROK037-19","MT994113","KROK037-19",45.539,14.76,NA,NA,NA,NA
"Lithobius-crassipes-COI","Chilopoda/Lithobiomorpha/Lithobiidae/Lithobius-crassipes",1,64,64,"Animalia","Arthropoda","Chilopoda","Lithobiomorpha","Lithobiidae","Lithobius","Lithobius crassipes",NA,"Lithobius sp. BOLD:AAI1134","00000000_GBIOB088-19",NA,"GBIOB088-19",44.4382,-65.2117,NA,NA,NA,NA
"Lithobius-crassipes-COI","Chilopoda/Lithobiomorpha/Lithobiidae/Lithobius-crassipes",1,64,64,"Animalia","Arthropoda","Chilopoda","Lithobiomorpha","Lithobiidae","Lithobius","Lithobius crassipes",NA,"Lithobius sp. BOLD:AAI1134","00000000_GBIOB1288-19",NA,"GBIOB1288-19",44.4048,-65.2506,NA,NA,NA,NA
"Lithobius-crassipes-COI","Chilopoda/Lithobiomorpha/Lithobiidae/Lithobius-crassipes",1,64,64,"Animalia","Arthropoda","Chilopoda","Lithobiomorpha","Lithobiidae","Lithobius","Lithobius crassipes",NA,"Lithobius sp. BOLD:AAI1134","00000000_ARTNO231-17",NA,"ARTNO231-17",58.1412,7.17516,NA,NA,NA,NA
"Lithobius-crassipes-COI","Chilopoda/Lithobiomorpha/Lithobiidae/Lithobius-crassipes",1,64,64,"Animalia","Arthropoda","Chilopoda","Lithobiomorpha","Lithobiidae","Lithobius","Lithobius crassipes",NA,"Lithobius sp. BOLD:AAI1134","00000000_GBIOB054-19",NA,"GBIOB054-19",46.4879,-63.382,NA,NA,NA,NA
"Lithobius-crassipes-COI","Chilopoda/Lithobiomorpha/Lithobiidae/Lithobius-crassipes",1,64,64,"Animalia","Arthropoda","Chilopoda","Lithobiomorpha","Lithobiidae","Lithobius","Lithobius crassipes",NA,"Lithobius sp. BOLD:AAI1134","00000000_GBIOB1213-19",NA,"GBIOB1213-19",46.8195,-64.9558,NA,NA,NA,NA
"Lithobius-crassipes-COI","Chilopoda/Lithobiomorpha/Lithobiidae/Lithobius-crassipes",1,64,64,"Animalia","Arthropoda","Chilopoda","Lithobiomorpha","Lithobiidae","Lithobius","Lithobius crassipes",NA,"Lithobius sp. BOLD:AAI1134","00000000_GBIOB1216-19",NA,"GBIOB1216-19",46.8195,-64.9558,NA,NA,NA,NA
"Lithobius-crassipes-COI","Chilopoda/Lithobiomorpha/Lithobiidae/Lithobius-crassipes",1,64,64,"Animalia","Arthropoda","Chilopoda","Lithobiomorpha","Lithobiidae","Lithobius","Lithobius crassipes",NA,"Lithobius sp. BOLD:AAI1134","00000000_GBIOB1234-19",NA,"GBIOB1234-19",45.5532,-65.0121,NA,NA,NA,NA
"Lithobius-crassipes-COI","Chilopoda/Lithobiomorpha/Lithobiidae/Lithobius-crassipes",1,64,64,"Animalia","Arthropoda","Chilopoda","Lithobiomorpha","Lithobiidae","Lithobius","Lithobius crassipes",NA,"Lithobius sp. BOLD:AAI1134","00000000_GBIOB048-19",NA,"GBIOB048-19",46.4879,-63.382,NA,NA,NA,NA
"Lithobius-crassipes-COI","Chilopoda/Lithobiomorpha/Lithobiidae/Lithobius-crassipes",1,64,64,"Animalia","Arthropoda","Chilopoda","Lithobiomorpha","Lithobiidae","Lithobius","Lithobius crassipes",NA,"Lithobius sp. BOLD:AAI1134","00000000_GBIOB058-19",NA,"GBIOB058-19",46.4156,-63.0958,NA,NA,NA,NA
"Lithobius-crassipes-COI","Chilopoda/Lithobiomorpha/Lithobiidae/Lithobius-crassipes",1,64,64,"Animalia","Arthropoda","Chilopoda","Lithobiomorpha","Lithobiidae","Lithobius","Lithobius crassipes",NA,"Lithobius sp. BOLD:AAI1134","00000000_GBIOB087-19",NA,"GBIOB087-19",44.4382,-65.2117,NA,NA,NA,NA
"Lithobius-crassipes-COI","Chilopoda/Lithobiomorpha/Lithobiidae/Lithobius-crassipes",1,64,64,"Animalia","Arthropoda","Chilopoda","Lithobiomorpha","Lithobiidae","Lithobius","Lithobius crassipes",NA,"Lithobius sp. BOLD:AAI1134","00000000_RARBB1435-17",NA,"RARBB1435-17",43.3717,-80.3728,NA,NA,NA,NA
"Lithobius-crassipes-COI","Chilopoda/Lithobiomorpha/Lithobiidae/Lithobius-crassipes",1,64,64,"Animalia","Arthropoda","Chilopoda","Lithobiomorpha","Lithobiidae","Lithobius","Lithobius crassipes",NA,"Lithobius sp. BOLD:AAI1134","00000000_ARTNO224-17",NA,"ARTNO224-17",59.3675,10.4393,NA,NA,NA,NA
"Lithobius-crassipes-COI","Chilopoda/Lithobiomorpha/Lithobiidae/Lithobius-crassipes",1,64,64,"Animalia","Arthropoda","Chilopoda","Lithobiomorpha","Lithobiidae","Lithobius","Lithobius crassipes",NA,"Lithobius sp. BOLD:AAI1134","00000000_GBIOB077-19",NA,"GBIOB077-19",44.4048,-65.2506,NA,NA,NA,NA
"Lithobius-crassipes-COI","Chilopoda/Lithobiomorpha/Lithobiidae/Lithobius-crassipes",1,64,64,"Animalia","Arthropoda","Chilopoda","Lithobiomorpha","Lithobiidae","Lithobius","Lithobius crassipes",NA,"Lithobius sp. BOLD:AAI1134","00000000_RARBB1438-17",NA,"RARBB1438-17",43.3717,-80.3728,NA,NA,NA,NA
"Lithobius-crassipes-COI","Chilopoda/Lithobiomorpha/Lithobiidae/Lithobius-crassipes",1,64,64,"Animalia","Arthropoda","Chilopoda","Lithobiomorpha","Lithobiidae","Lithobius","Lithobius crassipes",NA,"Lithobius sp. BOLD:AAI1134","00000000_GBIOB1250-19",NA,"GBIOB1250-19",46.4879,-63.382,NA,NA,NA,NA
"Lithobius-crassipes-COI","Chilopoda/Lithobiomorpha/Lithobiidae/Lithobius-crassipes",1,64,64,"Animalia","Arthropoda","Chilopoda","Lithobiomorpha","Lithobiidae","Lithobius","Lithobius crassipes",NA,"Lithobius sp. BOLD:AAI1134","00000000_GBIOB1230-19",NA,"GBIOB1230-19",45.5532,-65.0121,NA,NA,NA,NA
"Lithobius-crassipes-COI","Chilopoda/Lithobiomorpha/Lithobiidae/Lithobius-crassipes",1,64,64,"Animalia","Arthropoda","Chilopoda","Lithobiomorpha","Lithobiidae","Lithobius","Lithobius crassipes",NA,"Lithobius sp. BOLD:AAI1134","00000000_RARBB1542-17",NA,"RARBB1542-17",43.3742,-80.366,NA,NA,NA,NA
"Lithobius-crassipes-COI","Chilopoda/Lithobiomorpha/Lithobiidae/Lithobius-crassipes",1,64,64,"Animalia","Arthropoda","Chilopoda","Lithobiomorpha","Lithobiidae","Lithobius","Lithobius crassipes",NA,"Lithobius sp. BOLD:AAI1134","00000000_BBLZA171-16",NA,"BBLZA171-16",43.8296,-79.459,NA,NA,NA,NA
"Lithobius-crassipes-COI","Chilopoda/Lithobiomorpha/Lithobiidae/Lithobius-crassipes",1,64,64,"Animalia","Arthropoda","Chilopoda","Lithobiomorpha","Lithobiidae","Lithobius","Lithobius crassipes",NA,"Lithobius sp. BOLD:AAI1134","00000000_GBIOB1292-19",NA,"GBIOB1292-19",44.4048,-65.2506,NA,NA,NA,NA
"Lithobius-crassipes-COI","Chilopoda/Lithobiomorpha/Lithobiidae/Lithobius-crassipes",1,64,64,"Animalia","Arthropoda","Chilopoda","Lithobiomorpha","Lithobiidae","Lithobius","Lithobius crassipes",NA,"Lithobius sp. BOLD:AAI1134","00000000_MYRNO003-09",NA,"MYRNO003-09",48.727,1.33919,NA,NA,NA,NA
"Lithobius-crassipes-COI","Chilopoda/Lithobiomorpha/Lithobiidae/Lithobius-crassipes",1,64,64,"Animalia","Arthropoda","Chilopoda","Lithobiomorpha","Lithobiidae","Lithobius","Lithobius crassipes",NA,"Lithobius sp. BOLD:AAI1134","00000000_GBIOB1214-19",NA,"GBIOB1214-19",46.8195,-64.9558,NA,NA,NA,NA
"Lithobius-crassipes-COI","Chilopoda/Lithobiomorpha/Lithobiidae/Lithobius-crassipes",1,64,64,"Animalia","Arthropoda","Chilopoda","Lithobiomorpha","Lithobiidae","Lithobius","Lithobius crassipes",NA,"Lithobius sp. BOLD:AAI1134","00000000_RARBB1434-17",NA,"RARBB1434-17",43.3717,-80.3728,NA,NA,NA,NA
"Lithobius-crassipes-COI","Chilopoda/Lithobiomorpha/Lithobiidae/Lithobius-crassipes",1,64,64,"Animalia","Arthropoda","Chilopoda","Lithobiomorpha","Lithobiidae","Lithobius","Lithobius crassipes",NA,"Lithobius sp. BOLD:AAI1134","00000000_ARTNO225-17",NA,"ARTNO225-17",59.3675,10.4393,NA,NA,NA,NA
"Lithobius-crassipes-COI","Chilopoda/Lithobiomorpha/Lithobiidae/Lithobius-crassipes",1,64,64,"Animalia","Arthropoda","Chilopoda","Lithobiomorpha","Lithobiidae","Lithobius","Lithobius crassipes",NA,"Lithobius sp. BOLD:AAI1134","00000000_GBIOB057-19",NA,"GBIOB057-19",46.4156,-63.0958,NA,NA,NA,NA
"Lithobius-crassipes-COI","Chilopoda/Lithobiomorpha/Lithobiidae/Lithobius-crassipes",1,64,64,"Animalia","Arthropoda","Chilopoda","Lithobiomorpha","Lithobiidae","Lithobius","Lithobius crassipes",NA,"Lithobius sp. BOLD:AAI1134","00000000_GBIOB1298-19",NA,"GBIOB1298-19",44.4382,-65.2117,NA,NA,NA,NA
"Lithobius-crassipes-COI","Chilopoda/Lithobiomorpha/Lithobiidae/Lithobius-crassipes",1,64,64,"Animalia","Arthropoda","Chilopoda","Lithobiomorpha","Lithobiidae","Lithobius","Lithobius crassipes",NA,"Lithobius sp. BOLD:AAI1134","00000000_RARBB1437-17",NA,"RARBB1437-17",43.3717,-80.3728,NA,NA,NA,NA
"Lithobius-crassipes-COI","Chilopoda/Lithobiomorpha/Lithobiidae/Lithobius-crassipes",1,64,64,"Animalia","Arthropoda","Chilopoda","Lithobiomorpha","Lithobiidae","Lithobius","Lithobius crassipes",NA,"Lithobius sp. BOLD:AAI1134","00000000_GBIOB079-19",NA,"GBIOB079-19",44.4048,-65.2506,NA,NA,NA,NA
"Lithobius-crassipes-COI","Chilopoda/Lithobiomorpha/Lithobiidae/Lithobius-crassipes",1,64,64,"Animalia","Arthropoda","Chilopoda","Lithobiomorpha","Lithobiidae","Lithobius","Lithobius crassipes",NA,"Lithobius sp. BOLD:AAI1134","00000000_RARBB1436-17",NA,"RARBB1436-17",43.3717,-80.3728,NA,NA,NA,NA
"Lithobius-crassipes-COI","Chilopoda/Lithobiomorpha/Lithobiidae/Lithobius-crassipes",1,64,64,"Animalia","Arthropoda","Chilopoda","Lithobiomorpha","Lithobiidae","Lithobius","Lithobius crassipes",NA,"Lithobius sp. BOLD:AAI1134","00000000_GBIOB1233-19",NA,"GBIOB1233-19",45.5532,-65.0121,NA,NA,NA,NA
"Lithobius-crassipes-COI","Chilopoda/Lithobiomorpha/Lithobiidae/Lithobius-crassipes",1,64,64,"Animalia","Arthropoda","Chilopoda","Lithobiomorpha","Lithobiidae","Lithobius","Lithobius crassipes",NA,"Lithobius sp. BOLD:AAI1134","00000000_GBIOB1232-19",NA,"GBIOB1232-19",45.5532,-65.0121,NA,NA,NA,NA
"Lithobius-crassipes-COI","Chilopoda/Lithobiomorpha/Lithobiidae/Lithobius-crassipes",1,64,64,"Animalia","Arthropoda","Chilopoda","Lithobiomorpha","Lithobiidae","Lithobius","Lithobius crassipes",NA,"Lithobius sp. BOLD:AAI1134","00000000_GBIOB059-19",NA,"GBIOB059-19",46.4156,-63.0958,NA,NA,NA,NA
"Lithobius-crassipes-COI","Chilopoda/Lithobiomorpha/Lithobiidae/Lithobius-crassipes",1,64,64,"Animalia","Arthropoda","Chilopoda","Lithobiomorpha","Lithobiidae","Lithobius","Lithobius crassipes",NA,"Lithobius sp. BOLD:AAI1134","00000000_GBIOB468-19",NA,"GBIOB468-19",44.4389,-65.2105,NA,NA,NA,NA
"Lithobius-crassipes-COI","Chilopoda/Lithobiomorpha/Lithobiidae/Lithobius-crassipes",1,64,64,"Animalia","Arthropoda","Chilopoda","Lithobiomorpha","Lithobiidae","Lithobius","Lithobius crassipes",NA,"Lithobius sp. BOLD:AAI1134","00000000_GBIOB466-19",NA,"GBIOB466-19",44.4389,-65.2105,NA,NA,NA,NA
"Lithobius-dentatus-COI","Chilopoda/Lithobiomorpha/Lithobiidae/Lithobius-dentatus",1,15,15,"Animalia","Arthropoda","Chilopoda","Lithobiomorpha","Lithobiidae","Lithobius","Lithobius dentatus",NA,NA,"MT994115_KROK046-19","MT994115","KROK046-19",45.539,14.76,NA,NA,NA,NA
"Lithobius-dentatus-COI","Chilopoda/Lithobiomorpha/Lithobiidae/Lithobius-dentatus",1,15,15,"Animalia","Arthropoda","Chilopoda","Lithobiomorpha","Lithobiidae","Lithobius","Lithobius dentatus",NA,NA,"MT994116_KROK038-19","MT994116","KROK038-19",45.539,14.765,NA,NA,NA,NA
"Lithobius-dentatus-COI","Chilopoda/Lithobiomorpha/Lithobiidae/Lithobius-dentatus",1,15,15,"Animalia","Arthropoda","Chilopoda","Lithobiomorpha","Lithobiidae","Lithobius","Lithobius dentatus",NA,NA,"OL874961_KROK104-20","OL874961","KROK104-20",45.539,14.764,NA,NA,NA,NA
"Lithobius-erythrocephalus-COI","Chilopoda/Lithobiomorpha/Lithobiidae/Lithobius-erythrocephalus",1,4,4,"Animalia","Arthropoda","Chilopoda","Lithobiomorpha","Lithobiidae","Lithobius","Lithobius erythrocephalus",NA,NA,"00000000_ARTNO206-17",NA,"ARTNO206-17",59.0653,10.444,NA,NA,NA,NA
"Lithobius-forficatus-COI","Chilopoda/Lithobiomorpha/Lithobiidae/Lithobius-forficatus",1,83,83,"Animalia","Arthropoda","Chilopoda","Lithobiomorpha","Lithobiidae","Lithobius","Lithobius forficatus",NA,"Lithobius sp. BOLD:AAH6437","00000000_RBGBB124-17",NA,"RBGBB124-17",43.2841,-79.9046,NA,NA,NA,NA
"Lithobius-forficatus-COI","Chilopoda/Lithobiomorpha/Lithobiidae/Lithobius-forficatus",1,83,83,"Animalia","Arthropoda","Chilopoda","Lithobiomorpha","Lithobiidae","Lithobius","Lithobius forficatus",NA,"Lithobius sp. BOLD:AAH6437","00000000_RBGBB126-17",NA,"RBGBB126-17",43.2841,-79.9046,NA,NA,NA,NA
"Lithobius-forficatus-COI","Chilopoda/Lithobiomorpha/Lithobiidae/Lithobius-forficatus",1,83,83,"Animalia","Arthropoda","Chilopoda","Lithobiomorpha","Lithobiidae","Lithobius","Lithobius forficatus",NA,"Lithobius sp. BOLD:AAH6437","00000000_GENHP278-11",NA,"GENHP278-11",49.4,0.88117,NA,NA,NA,NA
"Lithobius-forficatus-COI","Chilopoda/Lithobiomorpha/Lithobiidae/Lithobius-forficatus",1,83,83,"Animalia","Arthropoda","Chilopoda","Lithobiomorpha","Lithobiidae","Lithobius","Lithobius forficatus",NA,"Lithobius sp. BOLD:AAH6437","00000000_GBIOB1247-19",NA,"GBIOB1247-19",46.4879,-63.382,NA,NA,NA,NA
"Lithobius-forficatus-COI","Chilopoda/Lithobiomorpha/Lithobiidae/Lithobius-forficatus",1,83,83,"Animalia","Arthropoda","Chilopoda","Lithobiomorpha","Lithobiidae","Lithobius","Lithobius forficatus",NA,"Lithobius sp. BOLD:AAH6437","00000000_GENHP277-11",NA,"GENHP277-11",49.4,0.88117,NA,NA,NA,NA
"Lithobius-forficatus-COI","Chilopoda/Lithobiomorpha/Lithobiidae/Lithobius-forficatus",1,83,83,"Animalia","Arthropoda","Chilopoda","Lithobiomorpha","Lithobiidae","Lithobius","Lithobius forficatus",NA,"Lithobius sp. BOLD:AAH6437","00000000_GBIOB1300-19",NA,"GBIOB1300-19",44.4382,-65.2117,NA,NA,NA,NA
"Lithobius-forficatus-COI","Chilopoda/Lithobiomorpha/Lithobiidae/Lithobius-forficatus",1,83,83,"Animalia","Arthropoda","Chilopoda","Lithobiomorpha","Lithobiidae","Lithobius","Lithobius forficatus",NA,"Lithobius sp. BOLD:AAH6437","00000000_GBIOB1305-19",NA,"GBIOB1305-19",44.4382,-65.2117,NA,NA,NA,NA
"Lithobius-forficatus-COI","Chilopoda/Lithobiomorpha/Lithobiidae/Lithobius-forficatus",1,83,83,"Animalia","Arthropoda","Chilopoda","Lithobiomorpha","Lithobiidae","Lithobius","Lithobius forficatus",NA,"Lithobius sp. BOLD:AAH6437","00000000_GBIOB1507-19",NA,"GBIOB1507-19",46.6765,-60.9587,NA,NA,NA,NA
"Lithobius-forficatus-COI","Chilopoda/Lithobiomorpha/Lithobiidae/Lithobius-forficatus",1,83,83,"Animalia","Arthropoda","Chilopoda","Lithobiomorpha","Lithobiidae","Lithobius","Lithobius forficatus",NA,"Lithobius sp. BOLD:AAH6437","00000000_GBIOB1246-19",NA,"GBIOB1246-19",46.4879,-63.382,NA,NA,NA,NA
"Lithobius-forficatus-COI","Chilopoda/Lithobiomorpha/Lithobiidae/Lithobius-forficatus",1,83,83,"Animalia","Arthropoda","Chilopoda","Lithobiomorpha","Lithobiidae","Lithobius","Lithobius forficatus",NA,"Lithobius sp. BOLD:AAH6437","00000000_GENHP295-11",NA,"GENHP295-11",49.8293,1.29208,NA,NA,NA,NA
"Lithobius-forficatus-COI","Chilopoda/Lithobiomorpha/Lithobiidae/Lithobius-forficatus",1,83,83,"Animalia","Arthropoda","Chilopoda","Lithobiomorpha","Lithobiidae","Lithobius","Lithobius forficatus",NA,"Lithobius sp. BOLD:AAH6437","00000000_GBIOB1291-19",NA,"GBIOB1291-19",44.4048,-65.2506,NA,NA,NA,NA
"Lithobius-forficatus-COI","Chilopoda/Lithobiomorpha/Lithobiidae/Lithobius-forficatus",1,83,83,"Animalia","Arthropoda","Chilopoda","Lithobiomorpha","Lithobiidae","Lithobius","Lithobius forficatus",NA,"Lithobius sp. BOLD:AAH6437","00000000_GBIOB1275-19",NA,"GBIOB1275-19",46.4156,-63.0958,NA,NA,NA,NA
"Lithobius-forficatus-COI","Chilopoda/Lithobiomorpha/Lithobiidae/Lithobius-forficatus",1,83,83,"Animalia","Arthropoda","Chilopoda","Lithobiomorpha","Lithobiidae","Lithobius","Lithobius forficatus",NA,"Lithobius sp. BOLD:AAH6437","00000000_GBIOB1276-19",NA,"GBIOB1276-19",46.4156,-63.0958,NA,NA,NA,NA
"Lithobius-forficatus-COI","Chilopoda/Lithobiomorpha/Lithobiidae/Lithobius-forficatus",1,83,83,"Animalia","Arthropoda","Chilopoda","Lithobiomorpha","Lithobiidae","Lithobius","Lithobius forficatus",NA,"Lithobius sp. BOLD:AAH6437","00000000_GBIOB055-19",NA,"GBIOB055-19",46.4879,-63.382,NA,NA,NA,NA
"Lithobius-forficatus-COI","Chilopoda/Lithobiomorpha/Lithobiidae/Lithobius-forficatus",1,83,83,"Animalia","Arthropoda","Chilopoda","Lithobiomorpha","Lithobiidae","Lithobius","Lithobius forficatus",NA,"Lithobius sp. BOLD:AAH6437","00000000_BBLZA166-16",NA,"BBLZA166-16",43.7299,-79.323,NA,NA,NA,NA
"Lithobius-forficatus-COI","Chilopoda/Lithobiomorpha/Lithobiidae/Lithobius-forficatus",1,83,83,"Animalia","Arthropoda","Chilopoda","Lithobiomorpha","Lithobiidae","Lithobius","Lithobius forficatus",NA,"Lithobius sp. BOLD:AAH6437","00000000_GBIOB1273-19",NA,"GBIOB1273-19",46.4156,-63.0958,NA,NA,NA,NA
"Lithobius-forficatus-COI","Chilopoda/Lithobiomorpha/Lithobiidae/Lithobius-forficatus",1,83,83,"Animalia","Arthropoda","Chilopoda","Lithobiomorpha","Lithobiidae","Lithobius","Lithobius forficatus",NA,"Lithobius sp. BOLD:AAH6437","00000000_COLNO229-09",NA,"COLNO229-09",49.457,1.069,NA,NA,NA,NA
"Lithobius-forficatus-COI","Chilopoda/Lithobiomorpha/Lithobiidae/Lithobius-forficatus",1,83,83,"Animalia","Arthropoda","Chilopoda","Lithobiomorpha","Lithobiidae","Lithobius","Lithobius forficatus",NA,"Lithobius sp. BOLD:AAH6437","00000000_MYRUS117-10",NA,"MYRUS117-10",40.645,-104.344,NA,NA,NA,NA
"Lithobius-forficatus-COI","Chilopoda/Lithobiomorpha/Lithobiidae/Lithobius-forficatus",1,83,83,"Animalia","Arthropoda","Chilopoda","Lithobiomorpha","Lithobiidae","Lithobius","Lithobius forficatus",NA,"Lithobius sp. BOLD:AAH6437","00000000_GBIOB1278-19",NA,"GBIOB1278-19",46.4156,-63.0958,NA,NA,NA,NA
"Lithobius-forficatus-COI","Chilopoda/Lithobiomorpha/Lithobiidae/Lithobius-forficatus",1,83,83,"Animalia","Arthropoda","Chilopoda","Lithobiomorpha","Lithobiidae","Lithobius","Lithobius forficatus",NA,"Lithobius sp. BOLD:AAH6437","00000000_GBIOB1299-19",NA,"GBIOB1299-19",44.4382,-65.2117,NA,NA,NA,NA
"Lithobius-forficatus-COI","Chilopoda/Lithobiomorpha/Lithobiidae/Lithobius-forficatus",1,83,83,"Animalia","Arthropoda","Chilopoda","Lithobiomorpha","Lithobiidae","Lithobius","Lithobius forficatus",NA,"Lithobius sp. BOLD:AAH6437","00000000_GBIOB1320-19",NA,"GBIOB1320-19",46.643,-60.9475,NA,NA,NA,NA
"Lithobius-forficatus-COI","Chilopoda/Lithobiomorpha/Lithobiidae/Lithobius-forficatus",1,83,83,"Animalia","Arthropoda","Chilopoda","Lithobiomorpha","Lithobiidae","Lithobius","Lithobius forficatus",NA,"Lithobius sp. BOLD:AAH6437","00000000_COLNO228-09",NA,"COLNO228-09",49.457,1.069,NA,NA,NA,NA
"Lithobius-forficatus-COI","Chilopoda/Lithobiomorpha/Lithobiidae/Lithobius-forficatus",1,83,83,"Animalia","Arthropoda","Chilopoda","Lithobiomorpha","Lithobiidae","Lithobius","Lithobius forficatus",NA,"Lithobius sp. BOLD:AAH6437","00000000_GBIOB1296-19",NA,"GBIOB1296-19",44.4382,-65.2117,NA,NA,NA,NA
"Lithobius-forficatus-COI","Chilopoda/Lithobiomorpha/Lithobiidae/Lithobius-forficatus",1,83,83,"Animalia","Arthropoda","Chilopoda","Lithobiomorpha","Lithobiidae","Lithobius","Lithobius forficatus",NA,"Lithobius sp. BOLD:AAH6437","00000000_MYRNO006-09",NA,"MYRNO006-09",48.727,1.33919,NA,NA,NA,NA
"Lithobius-forficatus-COI","Chilopoda/Lithobiomorpha/Lithobiidae/Lithobius-forficatus",1,83,83,"Animalia","Arthropoda","Chilopoda","Lithobiomorpha","Lithobiidae","Lithobius","Lithobius forficatus",NA,"Lithobius sp. BOLD:AAH6437","00000000_GBIOB1277-19",NA,"GBIOB1277-19",46.4156,-63.0958,NA,NA,NA,NA
"Lithobius-forficatus-COI","Chilopoda/Lithobiomorpha/Lithobiidae/Lithobius-forficatus",1,83,83,"Animalia","Arthropoda","Chilopoda","Lithobiomorpha","Lithobiidae","Lithobius","Lithobius forficatus",NA,"Lithobius sp. BOLD:AAH6437","00000000_GBIOB1251-19",NA,"GBIOB1251-19",46.4879,-63.382,NA,NA,NA,NA
"Lithobius-forficatus-COI","Chilopoda/Lithobiomorpha/Lithobiidae/Lithobius-forficatus",1,83,83,"Animalia","Arthropoda","Chilopoda","Lithobiomorpha","Lithobiidae","Lithobius","Lithobius forficatus",NA,"Lithobius sp. BOLD:AAH6437","MT994117_KROK047-19","MT994117","KROK047-19",45.539,14.765,NA,NA,NA,NA
"Lithobius-forficatus-COI","Chilopoda/Lithobiomorpha/Lithobiidae/Lithobius-forficatus",1,83,83,"Animalia","Arthropoda","Chilopoda","Lithobiomorpha","Lithobiidae","Lithobius","Lithobius forficatus",NA,"Lithobius sp. BOLD:AAH6437","00000000_GENHP251-11",NA,"GENHP251-11",49.4391,1.09095,NA,NA,NA,NA
"Lithobius-forficatus-COI","Chilopoda/Lithobiomorpha/Lithobiidae/Lithobius-forficatus",1,83,83,"Animalia","Arthropoda","Chilopoda","Lithobiomorpha","Lithobiidae","Lithobius","Lithobius forficatus",NA,"Lithobius sp. BOLD:AAH6437","00000000_GENHP027-11",NA,"GENHP027-11",49.5243,0.834,NA,NA,NA,NA
"Lithobius-forficatus-COI","Chilopoda/Lithobiomorpha/Lithobiidae/Lithobius-forficatus",1,83,83,"Animalia","Arthropoda","Chilopoda","Lithobiomorpha","Lithobiidae","Lithobius","Lithobius forficatus",NA,"Lithobius sp. BOLD:AAH6437","00000000_GBIOB1274-19",NA,"GBIOB1274-19",46.4156,-63.0958,NA,NA,NA,NA
"Lithobius-forficatus-COI","Chilopoda/Lithobiomorpha/Lithobiidae/Lithobius-forficatus",1,83,83,"Animalia","Arthropoda","Chilopoda","Lithobiomorpha","Lithobiidae","Lithobius","Lithobius forficatus",NA,"Lithobius sp. BOLD:AAH6437","00000000_MYRNO008-09",NA,"MYRNO008-09",48.727,1.33919,NA,NA,NA,NA
"Lithobius-forficatus-COI","Chilopoda/Lithobiomorpha/Lithobiidae/Lithobius-forficatus",1,83,83,"Animalia","Arthropoda","Chilopoda","Lithobiomorpha","Lithobiidae","Lithobius","Lithobius forficatus",NA,"Lithobius sp. BOLD:AAH6437","00000000_ARTNO279-17",NA,"ARTNO279-17",58.7499,5.66688,NA,NA,NA,NA
"Lithobius-forficatus-COI","Chilopoda/Lithobiomorpha/Lithobiidae/Lithobius-forficatus",1,83,83,"Animalia","Arthropoda","Chilopoda","Lithobiomorpha","Lithobiidae","Lithobius","Lithobius forficatus",NA,"Lithobius sp. BOLD:AAH6437","00000000_GENHP296-11",NA,"GENHP296-11",49.8293,1.29208,NA,NA,NA,NA
"Lithobius-forficatus-COI","Chilopoda/Lithobiomorpha/Lithobiidae/Lithobius-forficatus",1,83,83,"Animalia","Arthropoda","Chilopoda","Lithobiomorpha","Lithobiidae","Lithobius","Lithobius forficatus",NA,"Lithobius sp. BOLD:AAH6437","00000000_GBIOB1244-19",NA,"GBIOB1244-19",46.4879,-63.382,NA,NA,NA,NA
"Lithobius-forficatus-COI","Chilopoda/Lithobiomorpha/Lithobiidae/Lithobius-forficatus",1,83,83,"Animalia","Arthropoda","Chilopoda","Lithobiomorpha","Lithobiidae","Lithobius","Lithobius forficatus",NA,"Lithobius sp. BOLD:AAH6437","00000000_GBIOB1294-19",NA,"GBIOB1294-19",44.4382,-65.2117,NA,NA,NA,NA
"Lithobius-forficatus-COI","Chilopoda/Lithobiomorpha/Lithobiidae/Lithobius-forficatus",1,83,83,"Animalia","Arthropoda","Chilopoda","Lithobiomorpha","Lithobiidae","Lithobius","Lithobius forficatus",NA,"Lithobius sp. BOLD:AAH6437","00000000_GENHP176-11",NA,"GENHP176-11",49.48,0.954,NA,NA,NA,NA
"Lithobius-latro-COI","Chilopoda/Lithobiomorpha/Lithobiidae/Lithobius-latro",1,8,8,"Animalia","Arthropoda","Chilopoda","Lithobiomorpha","Lithobiidae","Lithobius","Lithobius latro",NA,NA,"OL874962_KROK105-20","OL874962","KROK105-20",45.539,14.765,NA,NA,NA,NA
"Lithobius-latro-COI","Chilopoda/Lithobiomorpha/Lithobiidae/Lithobius-latro",1,8,8,"Animalia","Arthropoda","Chilopoda","Lithobiomorpha","Lithobiidae","Lithobius","Lithobius latro",NA,NA,"OL874964_KROK111-20","OL874964","KROK111-20",45.539,14.761,NA,NA,NA,NA
"Lithobius-latro-COI","Chilopoda/Lithobiomorpha/Lithobiidae/Lithobius-latro",1,8,8,"Animalia","Arthropoda","Chilopoda","Lithobiomorpha","Lithobiidae","Lithobius","Lithobius latro",NA,NA,"MT994118_KROK039-19","MT994118","KROK039-19",45.539,14.76,NA,NA,NA,NA
"Lithobius-latro-COI","Chilopoda/Lithobiomorpha/Lithobiidae/Lithobius-latro",1,8,8,"Animalia","Arthropoda","Chilopoda","Lithobiomorpha","Lithobiidae","Lithobius","Lithobius latro",NA,NA,"OL874963_KROK109-20","OL874963","KROK109-20",45.539,14.761,NA,NA,NA,NA
"Lithobius-latro-COI","Chilopoda/Lithobiomorpha/Lithobiidae/Lithobius-latro",1,8,8,"Animalia","Arthropoda","Chilopoda","Lithobiomorpha","Lithobiidae","Lithobius","Lithobius latro",NA,NA,"MT994114_KROK040-19","MT994114","KROK040-19",45.539,14.76,NA,NA,NA,NA
"Lithobius-melanops-COI","Chilopoda/Lithobiomorpha/Lithobiidae/Lithobius-melanops",1,4,4,"Animalia","Arthropoda","Chilopoda","Lithobiomorpha","Lithobiidae","Lithobius","Lithobius melanops",NA,NA,"00000000_GBIOB1319-19",NA,"GBIOB1319-19",46.643,-60.9475,NA,NA,NA,NA
"Lithobius-microps-COI","Chilopoda/Lithobiomorpha/Lithobiidae/Lithobius-microps",1,80,80,"Animalia","Arthropoda","Chilopoda","Lithobiomorpha","Lithobiidae","Lithobius","Lithobius microps",NA,"Lithobius sp. BOLD:AAM7904","00000000_GBIOB056-19",NA,"GBIOB056-19",46.4879,-63.382,NA,NA,NA,NA
"Lithobius-microps-COI","Chilopoda/Lithobiomorpha/Lithobiidae/Lithobius-microps",1,80,80,"Animalia","Arthropoda","Chilopoda","Lithobiomorpha","Lithobiidae","Lithobius","Lithobius microps",NA,"Lithobius sp. BOLD:AAM7904","00000000_RBGBB161-17",NA,"RBGBB161-17",43.2817,-79.9079,NA,NA,NA,NA
"Lithobius-microps-COI","Chilopoda/Lithobiomorpha/Lithobiidae/Lithobius-microps",1,80,80,"Animalia","Arthropoda","Chilopoda","Lithobiomorpha","Lithobiidae","Lithobius","Lithobius microps",NA,"Lithobius sp. BOLD:AAM7904","00000000_COLNO207-09",NA,"COLNO207-09",49.457,1.069,NA,NA,NA,NA
"Lithobius-microps-COI","Chilopoda/Lithobiomorpha/Lithobiidae/Lithobius-microps",1,80,80,"Animalia","Arthropoda","Chilopoda","Lithobiomorpha","Lithobiidae","Lithobius","Lithobius microps",NA,"Lithobius sp. BOLD:AAM7904","00000000_GBIOB065-19",NA,"GBIOB065-19",46.4156,-63.0958,NA,NA,NA,NA
"Lithobius-microps-COI","Chilopoda/Lithobiomorpha/Lithobiidae/Lithobius-microps",1,80,80,"Animalia","Arthropoda","Chilopoda","Lithobiomorpha","Lithobiidae","Lithobius","Lithobius microps",NA,"Lithobius sp. BOLD:AAM7904","00000000_GENHP1244-12",NA,"GENHP1244-12",49.4936,0.16322,NA,NA,NA,NA
"Lithobius-microps-COI","Chilopoda/Lithobiomorpha/Lithobiidae/Lithobius-microps",1,80,80,"Animalia","Arthropoda","Chilopoda","Lithobiomorpha","Lithobiidae","Lithobius","Lithobius microps",NA,"Lithobius sp. BOLD:AAM7904","00000000_BBLZA169-16",NA,"BBLZA169-16",43.8296,-79.459,NA,NA,NA,NA
"Lithobius-microps-COI","Chilopoda/Lithobiomorpha/Lithobiidae/Lithobius-microps",1,80,80,"Animalia","Arthropoda","Chilopoda","Lithobiomorpha","Lithobiidae","Lithobius","Lithobius microps",NA,"Lithobius sp. BOLD:AAM7904","00000000_COLNO219-09",NA,"COLNO219-09",49.457,1.069,NA,NA,NA,NA
"Lithobius-microps-COI","Chilopoda/Lithobiomorpha/Lithobiidae/Lithobius-microps",1,80,80,"Animalia","Arthropoda","Chilopoda","Lithobiomorpha","Lithobiidae","Lithobius","Lithobius microps",NA,"Lithobius sp. BOLD:AAM7904","00000000_COLNO220-09",NA,"COLNO220-09",49.457,1.069,NA,NA,NA,NA
"Lithobius-microps-COI","Chilopoda/Lithobiomorpha/Lithobiidae/Lithobius-microps",1,80,80,"Animalia","Arthropoda","Chilopoda","Lithobiomorpha","Lithobiidae","Lithobius","Lithobius microps",NA,"Lithobius sp. BOLD:AAM7904","00000000_COLNO209-09",NA,"COLNO209-09",49.457,1.069,NA,NA,NA,NA
"Lithobius-microps-COI","Chilopoda/Lithobiomorpha/Lithobiidae/Lithobius-microps",1,80,80,"Animalia","Arthropoda","Chilopoda","Lithobiomorpha","Lithobiidae","Lithobius","Lithobius microps",NA,"Lithobius sp. BOLD:AAM7904","00000000_COLNO218-09",NA,"COLNO218-09",49.457,1.069,NA,NA,NA,NA
"Lithobius-microps-COI","Chilopoda/Lithobiomorpha/Lithobiidae/Lithobius-microps",1,80,80,"Animalia","Arthropoda","Chilopoda","Lithobiomorpha","Lithobiidae","Lithobius","Lithobius microps",NA,"Lithobius sp. BOLD:AAM7904","00000000_GBIOB050-19",NA,"GBIOB050-19",46.4879,-63.382,NA,NA,NA,NA
"Lithobius-microps-COI","Chilopoda/Lithobiomorpha/Lithobiidae/Lithobius-microps",1,80,80,"Animalia","Arthropoda","Chilopoda","Lithobiomorpha","Lithobiidae","Lithobius","Lithobius microps",NA,"Lithobius sp. BOLD:AAM7904","00000000_GENHP1248-12",NA,"GENHP1248-12",49.4936,0.16322,NA,NA,NA,NA
"Lithobius-microps-COI","Chilopoda/Lithobiomorpha/Lithobiidae/Lithobius-microps",1,80,80,"Animalia","Arthropoda","Chilopoda","Lithobiomorpha","Lithobiidae","Lithobius","Lithobius microps",NA,"Lithobius sp. BOLD:AAM7904","00000000_GENHP1245-12",NA,"GENHP1245-12",49.4936,0.16322,NA,NA,NA,NA
"Lithobius-microps-COI","Chilopoda/Lithobiomorpha/Lithobiidae/Lithobius-microps",1,80,80,"Animalia","Arthropoda","Chilopoda","Lithobiomorpha","Lithobiidae","Lithobius","Lithobius microps",NA,"Lithobius sp. BOLD:AAM7904","00000000_ARTNO200-17",NA,"ARTNO200-17",60.1231,10.3056,NA,NA,NA,NA
"Lithobius-microps-COI","Chilopoda/Lithobiomorpha/Lithobiidae/Lithobius-microps",1,80,80,"Animalia","Arthropoda","Chilopoda","Lithobiomorpha","Lithobiidae","Lithobius","Lithobius microps",NA,"Lithobius sp. BOLD:AAM7904","00000000_GBIOB080-19",NA,"GBIOB080-19",44.4048,-65.2506,NA,NA,NA,NA
"Lithobius-microps-COI","Chilopoda/Lithobiomorpha/Lithobiidae/Lithobius-microps",1,80,80,"Animalia","Arthropoda","Chilopoda","Lithobiomorpha","Lithobiidae","Lithobius","Lithobius microps",NA,"Lithobius sp. BOLD:AAM7904","00000000_GENHP1091-12",NA,"GENHP1091-12",49.4719,0.32789,NA,NA,NA,NA
"Lithobius-microps-COI","Chilopoda/Lithobiomorpha/Lithobiidae/Lithobius-microps",1,80,80,"Animalia","Arthropoda","Chilopoda","Lithobiomorpha","Lithobiidae","Lithobius","Lithobius microps",NA,"Lithobius sp. BOLD:AAM7904","00000000_COLNO221-09",NA,"COLNO221-09",49.457,1.069,NA,NA,NA,NA
"Lithobius-microps-COI","Chilopoda/Lithobiomorpha/Lithobiidae/Lithobius-microps",1,80,80,"Animalia","Arthropoda","Chilopoda","Lithobiomorpha","Lithobiidae","Lithobius","Lithobius microps",NA,"Lithobius sp. BOLD:AAM7904","00000000_GBIOB051-19",NA,"GBIOB051-19",46.4879,-63.382,NA,NA,NA,NA
"Lithobius-microps-COI","Chilopoda/Lithobiomorpha/Lithobiidae/Lithobius-microps",1,80,80,"Animalia","Arthropoda","Chilopoda","Lithobiomorpha","Lithobiidae","Lithobius","Lithobius microps",NA,"Lithobius sp. BOLD:AAM7904","00000000_COLNO211-09",NA,"COLNO211-09",49.457,1.069,NA,NA,NA,NA
"Lithobius-microps-COI","Chilopoda/Lithobiomorpha/Lithobiidae/Lithobius-microps",1,80,80,"Animalia","Arthropoda","Chilopoda","Lithobiomorpha","Lithobiidae","Lithobius","Lithobius microps",NA,"Lithobius sp. BOLD:AAM7904","00000000_GBIOB1235-19",NA,"GBIOB1235-19",45.5532,-65.0121,NA,NA,NA,NA
"Lithobius-microps-COI","Chilopoda/Lithobiomorpha/Lithobiidae/Lithobius-microps",1,80,80,"Animalia","Arthropoda","Chilopoda","Lithobiomorpha","Lithobiidae","Lithobius","Lithobius microps",NA,"Lithobius sp. BOLD:AAM7904","00000000_GBIOB1293-19",NA,"GBIOB1293-19",44.366,-65.1971,NA,NA,NA,NA
"Lithobius-microps-COI","Chilopoda/Lithobiomorpha/Lithobiidae/Lithobius-microps",1,80,80,"Animalia","Arthropoda","Chilopoda","Lithobiomorpha","Lithobiidae","Lithobius","Lithobius microps",NA,"Lithobius sp. BOLD:AAM7904","00000000_GENHP1246-12",NA,"GENHP1246-12",49.4936,0.16322,NA,NA,NA,NA
"Lithobius-microps-COI","Chilopoda/Lithobiomorpha/Lithobiidae/Lithobius-microps",1,80,80,"Animalia","Arthropoda","Chilopoda","Lithobiomorpha","Lithobiidae","Lithobius","Lithobius microps",NA,"Lithobius sp. BOLD:AAM7904","00000000_GBIOB052-19",NA,"GBIOB052-19",46.4879,-63.382,NA,NA,NA,NA
"Lithobius-microps-COI","Chilopoda/Lithobiomorpha/Lithobiidae/Lithobius-microps",1,80,80,"Animalia","Arthropoda","Chilopoda","Lithobiomorpha","Lithobiidae","Lithobius","Lithobius microps",NA,"Lithobius sp. BOLD:AAM7904","00000000_COLNO210-09",NA,"COLNO210-09",49.457,1.069,NA,NA,NA,NA
"Lithobius-microps-COI","Chilopoda/Lithobiomorpha/Lithobiidae/Lithobius-microps",1,80,80,"Animalia","Arthropoda","Chilopoda","Lithobiomorpha","Lithobiidae","Lithobius","Lithobius microps",NA,"Lithobius sp. BOLD:AAM7904","00000000_GENHP1089-12",NA,"GENHP1089-12",49.4719,0.32789,NA,NA,NA,NA
"Lithobius-microps-COI","Chilopoda/Lithobiomorpha/Lithobiidae/Lithobius-microps",1,80,80,"Animalia","Arthropoda","Chilopoda","Lithobiomorpha","Lithobiidae","Lithobius","Lithobius microps",NA,"Lithobius sp. BOLD:AAM7904","00000000_GBIOB053-19",NA,"GBIOB053-19",46.4879,-63.382,NA,NA,NA,NA
"Lithobius-microps-COI","Chilopoda/Lithobiomorpha/Lithobiidae/Lithobius-microps",1,80,80,"Animalia","Arthropoda","Chilopoda","Lithobiomorpha","Lithobiidae","Lithobius","Lithobius microps",NA,"Lithobius sp. BOLD:AAM7904","00000000_COLNO222-09",NA,"COLNO222-09",49.457,1.069,NA,NA,NA,NA
"Lithobius-microps-COI","Chilopoda/Lithobiomorpha/Lithobiidae/Lithobius-microps",1,80,80,"Animalia","Arthropoda","Chilopoda","Lithobiomorpha","Lithobiidae","Lithobius","Lithobius microps",NA,"Lithobius sp. BOLD:AAM7904","00000000_GBIOB063-19",NA,"GBIOB063-19",46.4156,-63.0958,NA,NA,NA,NA
"Lithobius-microps-COI","Chilopoda/Lithobiomorpha/Lithobiidae/Lithobius-microps",1,80,80,"Animalia","Arthropoda","Chilopoda","Lithobiomorpha","Lithobiidae","Lithobius","Lithobius microps",NA,"Lithobius sp. BOLD:AAM7904","00000000_RBGBB162-17",NA,"RBGBB162-17",43.2817,-79.9079,NA,NA,NA,NA
"Lithobius-microps-COI","Chilopoda/Lithobiomorpha/Lithobiidae/Lithobius-microps",1,80,80,"Animalia","Arthropoda","Chilopoda","Lithobiomorpha","Lithobiidae","Lithobius","Lithobius microps",NA,"Lithobius sp. BOLD:AAM7904","00000000_COLNO208-09",NA,"COLNO208-09",49.457,1.069,NA,NA,NA,NA
"Lithobius-microps-COI","Chilopoda/Lithobiomorpha/Lithobiidae/Lithobius-microps",1,80,80,"Animalia","Arthropoda","Chilopoda","Lithobiomorpha","Lithobiidae","Lithobius","Lithobius microps",NA,"Lithobius sp. BOLD:AAM7904","00000000_GBIOB049-19",NA,"GBIOB049-19",46.4879,-63.382,NA,NA,NA,NA
"Lithobius-microps-COI","Chilopoda/Lithobiomorpha/Lithobiidae/Lithobius-microps",1,80,80,"Animalia","Arthropoda","Chilopoda","Lithobiomorpha","Lithobiidae","Lithobius","Lithobius microps",NA,"Lithobius sp. BOLD:AAM7904","00000000_GBIOB060-19",NA,"GBIOB060-19",46.4156,-63.0958,NA,NA,NA,NA
"Lithobius-microps-COI","Chilopoda/Lithobiomorpha/Lithobiidae/Lithobius-microps",1,80,80,"Animalia","Arthropoda","Chilopoda","Lithobiomorpha","Lithobiidae","Lithobius","Lithobius microps",NA,"Lithobius sp. BOLD:AAM7904","00000000_GENHP1090-12",NA,"GENHP1090-12",49.4719,0.32789,NA,NA,NA,NA
"Lithobius-microps-COI","Chilopoda/Lithobiomorpha/Lithobiidae/Lithobius-microps",1,80,80,"Animalia","Arthropoda","Chilopoda","Lithobiomorpha","Lithobiidae","Lithobius","Lithobius microps",NA,"Lithobius sp. BOLD:AAM7904","00000000_GENHP1092-12",NA,"GENHP1092-12",49.4719,0.32789,NA,NA,NA,NA
"Lithobius-microps-COI","Chilopoda/Lithobiomorpha/Lithobiidae/Lithobius-microps",1,80,80,"Animalia","Arthropoda","Chilopoda","Lithobiomorpha","Lithobiidae","Lithobius","Lithobius microps",NA,"Lithobius sp. BOLD:AAM7904","00000000_ARTNO209-17",NA,"ARTNO209-17",59.0438,9.70509,NA,NA,NA,NA
"Lithobius-microps-COI","Chilopoda/Lithobiomorpha/Lithobiidae/Lithobius-microps",1,80,80,"Animalia","Arthropoda","Chilopoda","Lithobiomorpha","Lithobiidae","Lithobius","Lithobius microps",NA,"Lithobius sp. BOLD:AAM7904","00000000_GENHP1249-12",NA,"GENHP1249-12",49.4936,0.16322,NA,NA,NA,NA
"Lithobius-mutabilis-COI","Chilopoda/Lithobiomorpha/Lithobiidae/Lithobius-mutabilis",1,27,27,"Animalia","Arthropoda","Chilopoda","Lithobiomorpha","Lithobiidae","Lithobius","Lithobius mutabilis",NA,NA,"00000000_BCFOR1483-17",NA,"BCFOR1483-17",48.0954,11.2943,NA,NA,NA,NA
"Lithobius-mutabilis-COI","Chilopoda/Lithobiomorpha/Lithobiidae/Lithobius-mutabilis",1,27,27,"Animalia","Arthropoda","Chilopoda","Lithobiomorpha","Lithobiidae","Lithobius","Lithobius mutabilis",NA,NA,"00000000_BCFOR1455-17",NA,"BCFOR1455-17",48.0954,11.2943,NA,NA,NA,NA
"Lithobius-tenebrosus-COI","Chilopoda/Lithobiomorpha/Lithobiidae/Lithobius-tenebrosus",1,8,8,"Animalia","Arthropoda","Chilopoda","Lithobiomorpha","Lithobiidae","Lithobius","Lithobius tenebrosus",NA,NA,"OL874965_KROK108-20","OL874965","KROK108-20",45.539,14.764,NA,NA,NA,NA
"Lithobius-tenebrosus-COI","Chilopoda/Lithobiomorpha/Lithobiidae/Lithobius-tenebrosus",1,8,8,"Animalia","Arthropoda","Chilopoda","Lithobiomorpha","Lithobiidae","Lithobius","Lithobius tenebrosus",NA,NA,"MT994120_KROK041-19","MT994120","KROK041-19",45.539,14.765,NA,NA,NA,NA
"Otostigmus-rugulosus-COI","Chilopoda/Scolopendromorpha/Scolopendridae/Otostigmus-rugulosus",1,3,3,"Animalia","Arthropoda","Chilopoda","Scolopendromorpha","Scolopendridae","Otostigmus","Otostigmus rugulosus",NA,NA,"AB672659_2303452436","AB672659","2303452436",21.05,105.79,"PRESERVED_SPECIMEN",0,"COUNTRY_DERIVED_FROM_COORDINATES;GEODETIC_DATUM_ASSUMED_WGS84","b"
"Otostigmus-rugulosus-COI","Chilopoda/Scolopendromorpha/Scolopendridae/Otostigmus-rugulosus",1,3,3,"Animalia","Arthropoda","Chilopoda","Scolopendromorpha","Scolopendridae","Otostigmus","Otostigmus rugulosus",NA,NA,"AB672660_2303419124","AB672660","2303419124",21.05,105.79,"PRESERVED_SPECIMEN",0,"COUNTRY_DERIVED_FROM_COORDINATES;GEODETIC_DATUM_ASSUMED_WGS84","b"
"Pachymerium-ferrugineum-COI","Chilopoda/Geophilomorpha/Geophilidae/Pachymerium-ferrugineum",1,11,11,"Animalia","Arthropoda","Chilopoda","Geophilomorpha","Geophilidae","Pachymerium","Pachymerium ferrugineum",NA,NA,"00000000_ARTNO193-17",NA,"ARTNO193-17",60.1231,10.3056,NA,NA,NA,NA
"Schendyla-nemorensis-COI","Chilopoda/Geophilomorpha/Schendylidae/Schendyla-nemorensis",1,31,31,"Animalia","Arthropoda","Chilopoda","Geophilomorpha","Schendylidae","Schendyla","Schendyla nemorensis",NA,NA,"00000000_COLNO205-09",NA,"COLNO205-09",49.457,1.069,NA,NA,NA,NA
"Schendyla-nemorensis-COI","Chilopoda/Geophilomorpha/Schendylidae/Schendyla-nemorensis",1,31,31,"Animalia","Arthropoda","Chilopoda","Geophilomorpha","Schendylidae","Schendyla","Schendyla nemorensis",NA,NA,"00000000_COLNO214-09",NA,"COLNO214-09",49.457,1.069,NA,NA,NA,NA
"Schendyla-nemorensis-COI","Chilopoda/Geophilomorpha/Schendylidae/Schendyla-nemorensis",1,31,31,"Animalia","Arthropoda","Chilopoda","Geophilomorpha","Schendylidae","Schendyla","Schendyla nemorensis",NA,NA,"00000000_GBIOB1295-19",NA,"GBIOB1295-19",44.4382,-65.2117,NA,NA,NA,NA
"Schendyla-nemorensis-COI","Chilopoda/Geophilomorpha/Schendylidae/Schendyla-nemorensis",1,31,31,"Animalia","Arthropoda","Chilopoda","Geophilomorpha","Schendylidae","Schendyla","Schendyla nemorensis",NA,NA,"00000000_BBLZA163-16",NA,"BBLZA163-16",43.7768,-79.461,NA,NA,NA,NA
"Schendyla-nemorensis-COI","Chilopoda/Geophilomorpha/Schendylidae/Schendyla-nemorensis",1,31,31,"Animalia","Arthropoda","Chilopoda","Geophilomorpha","Schendylidae","Schendyla","Schendyla nemorensis",NA,NA,"00000000_ARTNO204-17",NA,"ARTNO204-17",60.1273,10.3091,NA,NA,NA,NA
"Schendyla-nemorensis-COI","Chilopoda/Geophilomorpha/Schendylidae/Schendyla-nemorensis",1,31,31,"Animalia","Arthropoda","Chilopoda","Geophilomorpha","Schendylidae","Schendyla","Schendyla nemorensis",NA,NA,"00000000_COLNO212-09",NA,"COLNO212-09",49.457,1.069,NA,NA,NA,NA
"Schendyla-nemorensis-COI","Chilopoda/Geophilomorpha/Schendylidae/Schendyla-nemorensis",1,31,31,"Animalia","Arthropoda","Chilopoda","Geophilomorpha","Schendylidae","Schendyla","Schendyla nemorensis",NA,NA,"00000000_GBIOB1306-19",NA,"GBIOB1306-19",44.4382,-65.2117,NA,NA,NA,NA
"Schendyla-nemorensis-COI","Chilopoda/Geophilomorpha/Schendylidae/Schendyla-nemorensis",1,31,31,"Animalia","Arthropoda","Chilopoda","Geophilomorpha","Schendylidae","Schendyla","Schendyla nemorensis",NA,NA,"00000000_COLNO213-09",NA,"COLNO213-09",49.457,1.069,NA,NA,NA,NA
"Schendyla-nemorensis-COI","Chilopoda/Geophilomorpha/Schendylidae/Schendyla-nemorensis",1,31,31,"Animalia","Arthropoda","Chilopoda","Geophilomorpha","Schendylidae","Schendyla","Schendyla nemorensis",NA,NA,"00000000_GBIOB1289-19",NA,"GBIOB1289-19",44.4048,-65.2506,NA,NA,NA,NA
"Schendyla-nemorensis-COI","Chilopoda/Geophilomorpha/Schendylidae/Schendyla-nemorensis",1,31,31,"Animalia","Arthropoda","Chilopoda","Geophilomorpha","Schendylidae","Schendyla","Schendyla nemorensis",NA,NA,"00000000_GBIOB1279-19",NA,"GBIOB1279-19",46.4156,-63.0958,NA,NA,NA,NA
"Schendyla-nemorensis-COI","Chilopoda/Geophilomorpha/Schendylidae/Schendyla-nemorensis",1,31,31,"Animalia","Arthropoda","Chilopoda","Geophilomorpha","Schendylidae","Schendyla","Schendyla nemorensis",NA,NA,"00000000_ARTNO203-17",NA,"ARTNO203-17",60.1273,10.3091,NA,NA,NA,NA
"Scolopendra-mutilans-COI","Chilopoda/Scolopendromorpha/Scolopendridae/Scolopendra-mutilans",1,10,10,"Animalia","Arthropoda","Chilopoda","Scolopendromorpha","Scolopendridae","Scolopendra","Scolopendra mutilans",NA,"Scolopendra subspinipes","AB612890_2303437996","AB612890","2303437996",22.97,120.68,"PRESERVED_SPECIMEN",0,"COUNTRY_DERIVED_FROM_COORDINATES;GEODETIC_DATUM_ASSUMED_WGS84","b"
"Scolopendra-mutilans-COI","Chilopoda/Scolopendromorpha/Scolopendridae/Scolopendra-mutilans",1,10,10,"Animalia","Arthropoda","Chilopoda","Scolopendromorpha","Scolopendridae","Scolopendra","Scolopendra mutilans",NA,"Scolopendra subspinipes","AB612891_2303440192","AB612891","2303440192",22.93,120.6,"PRESERVED_SPECIMEN",0,"COUNTRY_DERIVED_FROM_COORDINATES;GEODETIC_DATUM_ASSUMED_WGS84","b"
"Scolopendra-mutilans-COI","Chilopoda/Scolopendromorpha/Scolopendridae/Scolopendra-mutilans",1,10,10,"Animalia","Arthropoda","Chilopoda","Scolopendromorpha","Scolopendridae","Scolopendra","Scolopendra mutilans",NA,"Scolopendra subspinipes","AB612893_2303548333","AB612893","2303548333",22.88,121.04,"PRESERVED_SPECIMEN",0,"COUNTRY_DERIVED_FROM_COORDINATES;GEODETIC_DATUM_ASSUMED_WGS84","b"
"Scolopendra-mutilans-COI","Chilopoda/Scolopendromorpha/Scolopendridae/Scolopendra-mutilans",1,10,10,"Animalia","Arthropoda","Chilopoda","Scolopendromorpha","Scolopendridae","Scolopendra","Scolopendra mutilans",NA,"Scolopendra subspinipes","AB612894_2303393159","AB612894","2303393159",24.63,120.89,"PRESERVED_SPECIMEN",0,"COUNTRY_DERIVED_FROM_COORDINATES;GEODETIC_DATUM_ASSUMED_WGS84","b"
"Scolopendra-mutilans-COI","Chilopoda/Scolopendromorpha/Scolopendridae/Scolopendra-mutilans",1,10,10,"Animalia","Arthropoda","Chilopoda","Scolopendromorpha","Scolopendridae","Scolopendra","Scolopendra mutilans",NA,"Scolopendra subspinipes","AB612895_2303427524","AB612895","2303427524",23.49,119.52,"PRESERVED_SPECIMEN",0,"COUNTRY_DERIVED_FROM_COORDINATES;GEODETIC_DATUM_ASSUMED_WGS84","b"
"Scolopendra-mutilans-COI","Chilopoda/Scolopendromorpha/Scolopendridae/Scolopendra-mutilans",1,10,10,"Animalia","Arthropoda","Chilopoda","Scolopendromorpha","Scolopendridae","Scolopendra","Scolopendra mutilans",NA,"Scolopendra subspinipes","AB672737_2303428091","AB672737","2303428091",25.5,122.1,"PRESERVED_SPECIMEN",0,"COUNTRY_DERIVED_FROM_COORDINATES;GEODETIC_DATUM_ASSUMED_WGS84","b"
"Scolopendra-subspinipes-COI","Chilopoda/Scolopendromorpha/Scolopendridae/Scolopendra-subspinipes",1,12,12,"Animalia","Arthropoda","Chilopoda","Scolopendromorpha","Scolopendridae","Scolopendra","Scolopendra subspinipes",NA,"Scolopendra japonica","AB614517_2303427085","AB614517","2303427085",21.45,105.64,"PRESERVED_SPECIMEN",0,"COUNTRY_DERIVED_FROM_COORDINATES;GEODETIC_DATUM_ASSUMED_WGS84","b"
"Scolopendra-subspinipes-COI","Chilopoda/Scolopendromorpha/Scolopendridae/Scolopendra-subspinipes",1,12,12,"Animalia","Arthropoda","Chilopoda","Scolopendromorpha","Scolopendridae","Scolopendra","Scolopendra subspinipes",NA,"Scolopendra japonica","AB672736_2249196818","AB672736","2249196818",21.45,105.64,"MATERIAL_SAMPLE",0,"GEODETIC_DATUM_ASSUMED_WGS84",NA
"Scutigera-coleoptrata-COI","Chilopoda/Scutigeromorpha/Scutigeridae/Scutigera-coleoptrata",1,5,5,"Animalia","Arthropoda","Chilopoda","Scutigeromorpha","Scutigeridae","Scutigera","Scutigera coleoptrata",NA,NA,"MG299082_2305925364","MG299082","2305925364",43.67,-70.3,"PRESERVED_SPECIMEN",0,"COUNTRY_DERIVED_FROM_COORDINATES;GEODETIC_DATUM_ASSUMED_WGS84","b"
"Scutigera-coleoptrata-COI","Chilopoda/Scutigeromorpha/Scutigeridae/Scutigera-coleoptrata",1,5,5,"Animalia","Arthropoda","Chilopoda","Scutigeromorpha","Scutigeridae","Scutigera","Scutigera coleoptrata",NA,NA,"00000000_SRAC017-08",NA,"SRAC017-08",43.5279,-80.2289,NA,NA,NA,NA
"Strigamia-acuminata-COI","Chilopoda/Geophilomorpha/Linotaeniidae/Strigamia-acuminata",1,4,4,"Animalia","Arthropoda","Chilopoda","Geophilomorpha","Linotaeniidae","Strigamia","Strigamia acuminata",NA,NA,"00000000_TDAOE446-21",NA,"TDAOE446-21",46.8961,13.7724,NA,NA,NA,NA
"Strigamia-acuminata-COI","Chilopoda/Geophilomorpha/Linotaeniidae/Strigamia-acuminata",1,4,4,"Animalia","Arthropoda","Chilopoda","Geophilomorpha","Linotaeniidae","Strigamia","Strigamia acuminata",NA,NA,"OL874979_KROK096-20","OL874979","KROK096-20",45.539,14.76,NA,NA,NA,NA
"Strigamia-acuminata-COI","Chilopoda/Geophilomorpha/Linotaeniidae/Strigamia-acuminata",1,4,4,"Animalia","Arthropoda","Chilopoda","Geophilomorpha","Linotaeniidae","Strigamia","Strigamia acuminata",NA,NA,"MT994143_KROK030-19","MT994143","KROK030-19",45.539,14.76,NA,NA,NA,NA
