"gene","dir","proportion_retained","num_seqs_unaligned","num_seqs_aligned","kingdom","phylum","class","order","family","genus","species","subspecies","different_genbank_species","phylogatr_id","accession","source_id","latitude","longitude","basis_of_record","coordinate_uncertainty_in_meters","issue","flag","introduced","X"
"Cryptops-hortensis-COI","Chilopoda/Scolopendromorpha/Cryptopidae/Cryptops-hortensis",1,12,12,"Animalia","Arthropoda","Chilopoda","Scolopendromorpha","Cryptopidae","Cryptops","Cryptops hortensis",NA,NA,"OL874933_KROK126-20","OL874933","KROK126-20",45.539,14.764,NA,NA,NA,NA,0,""
"Cryptops-hortensis-COI","Chilopoda/Scolopendromorpha/Cryptopidae/Cryptops-hortensis",1,12,12,"Animalia","Arthropoda","Chilopoda","Scolopendromorpha","Cryptopidae","Cryptops","Cryptops hortensis",NA,NA,"OL874934_KROK125-20","OL874934","KROK125-20",45.539,14.764,NA,NA,NA,NA,0,""
"Cryptops-parisi-COI","Chilopoda/Scolopendromorpha/Cryptopidae/Cryptops-parisi",1,24,24,"Animalia","Arthropoda","Chilopoda","Scolopendromorpha","Cryptopidae","Cryptops","Cryptops parisi",NA,NA,"OL874943_KROK123-20","OL874943","KROK123-20",45.539,14.761,NA,NA,NA,NA,0,""
"Cryptops-parisi-COI","Chilopoda/Scolopendromorpha/Cryptopidae/Cryptops-parisi",1,24,24,"Animalia","Arthropoda","Chilopoda","Scolopendromorpha","Cryptopidae","Cryptops","Cryptops parisi",NA,NA,"MT994086_KROK050-19","MT994086","KROK050-19",45.539,14.76,NA,NA,NA,NA,0,""
"Cryptops-parisi-COI","Chilopoda/Scolopendromorpha/Cryptopidae/Cryptops-parisi",1,24,24,"Animalia","Arthropoda","Chilopoda","Scolopendromorpha","Cryptopidae","Cryptops","Cryptops parisi",NA,NA,"OL874940_KROK120-20","OL874940","KROK120-20",45.539,14.765,NA,NA,NA,NA,0,""
"Cryptops-parisi-COI","Chilopoda/Scolopendromorpha/Cryptopidae/Cryptops-parisi",1,24,24,"Animalia","Arthropoda","Chilopoda","Scolopendromorpha","Cryptopidae","Cryptops","Cryptops parisi",NA,NA,"OL874942_KROK122-20","OL874942","KROK122-20",45.539,14.76,NA,NA,NA,NA,0,""
"Cryptops-parisi-COI","Chilopoda/Scolopendromorpha/Cryptopidae/Cryptops-parisi",1,24,24,"Animalia","Arthropoda","Chilopoda","Scolopendromorpha","Cryptopidae","Cryptops","Cryptops parisi",NA,NA,"OL874941_KROK119-20","OL874941","KROK119-20",45.539,14.765,NA,NA,NA,NA,0,""
"Cryptops-parisi-COI","Chilopoda/Scolopendromorpha/Cryptopidae/Cryptops-parisi",1,24,24,"Animalia","Arthropoda","Chilopoda","Scolopendromorpha","Cryptopidae","Cryptops","Cryptops parisi",NA,NA,"OL874944_KROK124-20","OL874944","KROK124-20",45.539,14.763,NA,NA,NA,NA,0,""
"Cryptops-parisi-COI","Chilopoda/Scolopendromorpha/Cryptopidae/Cryptops-parisi",1,24,24,"Animalia","Arthropoda","Chilopoda","Scolopendromorpha","Cryptopidae","Cryptops","Cryptops parisi",NA,NA,"OL874939_KROK121-20","OL874939","KROK121-20",45.539,14.76,NA,NA,NA,NA,0,""
"Eupolybothrus-tridentinus-COI","Chilopoda/Lithobiomorpha/Lithobiidae/Eupolybothrus-tridentinus",1,11,11,"Animalia","Arthropoda","Chilopoda","Lithobiomorpha","Lithobiidae","Eupolybothrus","Eupolybothrus tridentinus",NA,NA,"MT994100_KROK035-19","MT994100","KROK035-19",45.539,14.76,NA,NA,NA,NA,0,""
"Lithobius-castaneus-COI","Chilopoda/Lithobiomorpha/Lithobiidae/Lithobius-castaneus",1,3,3,"Animalia","Arthropoda","Chilopoda","Lithobiomorpha","Lithobiidae","Lithobius","Lithobius castaneus",NA,NA,"MT994113_KROK037-19","MT994113","KROK037-19",45.539,14.76,NA,NA,NA,NA,0,""
"Lithobius-dentatus-COI","Chilopoda/Lithobiomorpha/Lithobiidae/Lithobius-dentatus",1,15,15,"Animalia","Arthropoda","Chilopoda","Lithobiomorpha","Lithobiidae","Lithobius","Lithobius dentatus",NA,NA,"MT994115_KROK046-19","MT994115","KROK046-19",45.539,14.76,NA,NA,NA,NA,0,""
"Lithobius-dentatus-COI","Chilopoda/Lithobiomorpha/Lithobiidae/Lithobius-dentatus",1,15,15,"Animalia","Arthropoda","Chilopoda","Lithobiomorpha","Lithobiidae","Lithobius","Lithobius dentatus",NA,NA,"MT994116_KROK038-19","MT994116","KROK038-19",45.539,14.765,NA,NA,NA,NA,0,""
"Lithobius-dentatus-COI","Chilopoda/Lithobiomorpha/Lithobiidae/Lithobius-dentatus",1,15,15,"Animalia","Arthropoda","Chilopoda","Lithobiomorpha","Lithobiidae","Lithobius","Lithobius dentatus",NA,NA,"OL874961_KROK104-20","OL874961","KROK104-20",45.539,14.764,NA,NA,NA,NA,0,""
"Lithobius-forficatus-COI","Chilopoda/Lithobiomorpha/Lithobiidae/Lithobius-forficatus",1,83,83,"Animalia","Arthropoda","Chilopoda","Lithobiomorpha","Lithobiidae","Lithobius","Lithobius forficatus",NA,"Lithobius sp. BOLD:AAH6437","MT994117_KROK047-19","MT994117","KROK047-19",45.539,14.765,NA,NA,NA,NA,0,""
"Lithobius-latro-COI","Chilopoda/Lithobiomorpha/Lithobiidae/Lithobius-latro",1,8,8,"Animalia","Arthropoda","Chilopoda","Lithobiomorpha","Lithobiidae","Lithobius","Lithobius latro",NA,NA,"OL874962_KROK105-20","OL874962","KROK105-20",45.539,14.765,NA,NA,NA,NA,0,""
"Lithobius-latro-COI","Chilopoda/Lithobiomorpha/Lithobiidae/Lithobius-latro",1,8,8,"Animalia","Arthropoda","Chilopoda","Lithobiomorpha","Lithobiidae","Lithobius","Lithobius latro",NA,NA,"OL874964_KROK111-20","OL874964","KROK111-20",45.539,14.761,NA,NA,NA,NA,0,""
"Lithobius-latro-COI","Chilopoda/Lithobiomorpha/Lithobiidae/Lithobius-latro",1,8,8,"Animalia","Arthropoda","Chilopoda","Lithobiomorpha","Lithobiidae","Lithobius","Lithobius latro",NA,NA,"MT994118_KROK039-19","MT994118","KROK039-19",45.539,14.76,NA,NA,NA,NA,0,""
"Lithobius-latro-COI","Chilopoda/Lithobiomorpha/Lithobiidae/Lithobius-latro",1,8,8,"Animalia","Arthropoda","Chilopoda","Lithobiomorpha","Lithobiidae","Lithobius","Lithobius latro",NA,NA,"OL874963_KROK109-20","OL874963","KROK109-20",45.539,14.761,NA,NA,NA,NA,0,""
"Lithobius-latro-COI","Chilopoda/Lithobiomorpha/Lithobiidae/Lithobius-latro",1,8,8,"Animalia","Arthropoda","Chilopoda","Lithobiomorpha","Lithobiidae","Lithobius","Lithobius latro",NA,NA,"MT994114_KROK040-19","MT994114","KROK040-19",45.539,14.76,NA,NA,NA,NA,0,""
"Lithobius-tenebrosus-COI","Chilopoda/Lithobiomorpha/Lithobiidae/Lithobius-tenebrosus",1,8,8,"Animalia","Arthropoda","Chilopoda","Lithobiomorpha","Lithobiidae","Lithobius","Lithobius tenebrosus",NA,NA,"OL874965_KROK108-20","OL874965","KROK108-20",45.539,14.764,NA,NA,NA,NA,0,""
"Lithobius-tenebrosus-COI","Chilopoda/Lithobiomorpha/Lithobiidae/Lithobius-tenebrosus",1,8,8,"Animalia","Arthropoda","Chilopoda","Lithobiomorpha","Lithobiidae","Lithobius","Lithobius tenebrosus",NA,NA,"MT994120_KROK041-19","MT994120","KROK041-19",45.539,14.765,NA,NA,NA,NA,0,""
"Strigamia-acuminata-COI","Chilopoda/Geophilomorpha/Linotaeniidae/Strigamia-acuminata",1,4,4,"Animalia","Arthropoda","Chilopoda","Geophilomorpha","Linotaeniidae","Strigamia","Strigamia acuminata",NA,NA,"OL874979_KROK096-20","OL874979","KROK096-20",45.539,14.76,NA,NA,NA,NA,0,""
"Strigamia-acuminata-COI","Chilopoda/Geophilomorpha/Linotaeniidae/Strigamia-acuminata",1,4,4,"Animalia","Arthropoda","Chilopoda","Geophilomorpha","Linotaeniidae","Strigamia","Strigamia acuminata",NA,NA,"MT994143_KROK030-19","MT994143","KROK030-19",45.539,14.76,NA,NA,NA,NA,0,""
