"species","order","n","n.sites","n.unique.sites","lat.mean","lon.mean","lat.median","seq.lat.range","avg.geo.dist","seq.len","n.seg","n.pars.inform","avg.pair.diff","n.hap","hapl.div"
"Clinopodes carinthiacus","Geophilomorpha",5,5,3,45.539,14.7622,45.539,0,0.2339,645,60,59,0.0556,3,0.8
"Dicellophilus carniolensis","Geophilomorpha",3,3,2,45.539,14.7636666666667,45.539,0,0.104,495,0,0,0,1,0
"Schendyla armata","Geophilomorpha",4,4,3,45.539,14.76225,45.539,0,0.2469,497,21,18,0.0272,3,0.8333
"Schendyla tyrolensis","Geophilomorpha",3,3,3,45.539,14.7626666666667,45.539,0,0.2599,592,3,0,0.0034,3,1
"Strigamia chionophila","Geophilomorpha",4,4,4,57.4499925,-151.9635425,58.58175,8.2929,1490.1077,568,86,1,0.0819,4,1
"Lithobius subtilis","Lithobiomorpha",3,3,2,47.4996666666667,11.4283333333333,48.48,2.941,334.2165,658,128,0,0.1291,2,0.6667
"Lithobius variegatus","Lithobiomorpha",3,3,2,48.9844266666667,-4.63291,51.7,8.1467,640.4049,615,106,0,0.1149,2,0.6667
"Cryptops hortensis_rucneri","Scolopendromorpha",4,4,3,45.539,14.762,45.539,0,0.2339,596,12,5,0.0069,3,0.8333
"Hemiscolopendra marginata","Scolopendromorpha",5,5,4,29.7635394,-84.20299,27.6665,9.9782,932.1885,658,67,18,0.0475,5,1
"Scutigerina weberi","Scutigeromorpha",3,3,3,-26.5715666666667,30.22072,-26.100636,7.6482,580.7928,656,91,0,0.0977,3,1
