species,order,family,body.size.new,blindness,maternal.care,min.lat,max.lat,int.min.lat,int.max.lat
Allothereua maculata,Scutigeromorpha,Scutigeridae,25,not blind,no,-34.53996998,-31.123608,-34.53996998,-31.123608
Allothereua serrulata,Scutigeromorpha,Scutigeridae,27,not blind,no,-36.5494706301708,-26.2520835776793,-36.5494706301708,-26.2520835776793
Alluropus calcaratus,Scolopendromorpha,Scolopendridae,52,not blind,yes,5.69138418214771,22.4647531193893,5.69138418214771,22.4647531193893
Asanada sp. 2,Scolopendromorpha,Scolopendridae,27,not blind,yes,14.98779,15.9617083333333,14.98779,15.9617083333333
Clinopodes flavidus,Geophilomorpha,Geophilidae,68,blind,yes,32.4292366490905,49.8811060715499,32.4292366490905,49.8811060715499
Cormocephalus delta,Scolopendromorpha,Scolopendridae,46,blind,yes,-22.14194,-21.69639,-22.14194,-21.69639
Cormocephalus hartmeyeri,Scolopendromorpha,Scolopendridae,83,not blind,yes,-35.1133300634832,-31.9290365774709,-35.1133300634832,-31.9290365774709
Cormocephalus pyropygus,Scolopendromorpha,Scolopendridae,53,blind,yes,-23.12333,-22.12639,-23.12333,-22.12639
Cormocephalus sagmus,Scolopendromorpha,Scolopendridae,69,blind,yes,-22.12639,-22.10972,-22.12639,-22.10972
Cormocephalus sp.,Scolopendromorpha,Scolopendridae,20,not blind,yes,-32.881944,-24.534444,-32.881944,-24.534444
Cormocephalus sp. 2,Scolopendromorpha,Scolopendridae,70,not blind,yes,8.73,10.302353,8.73,10.302353
Cormocephalus nudipes2,Scolopendromorpha,Scolopendridae,60,not blind,yes,18.96306,20.60653503,18.96306,20.60653503
Cormocephalus nudipes_sp3,Scolopendromorpha,Scolopendridae,70,not blind,yes,8.73,20.45825296,8.73,20.45825296
Cormocephalus sp4_1,Scolopendromorpha,Scolopendridae,40,not blind,yes,11.94,13.45911,11.94,13.45911
Cormocephalus sp4_2,Scolopendromorpha,Scolopendridae,31,not blind,yes,13.83274,14.25725,13.83274,14.25725
Cormocephalus nigrifictus,Scolopendromorpha,Scolopendridae,70,not blind,yes,8.95346,14.27571,8.95346,14.27571
Cormocephalus turneri,Scolopendromorpha,Scolopendridae,72,not blind,yes,-34.6403208653491,-21.648083,-34.6403208653491,-21.648083
Cormocephalus westangelasensis,Scolopendromorpha,Scolopendridae,105,not blind,yes,-25.26444,-22.08194,-25.26444,-22.08194
Craterostigmus crabilli,Craterostigmomorpha,Craterostigmidae,37,not blind,yes,-46.89849,-34.4506617164503,-46.89849,-34.4506617164503
Craterostigmus tasmanianus,Craterostigmomorpha,Craterostigmidae,50,not blind,yes,-43.2875,-40.9786111111111,-43.2875,-40.9786111111111
Cryptops anomalans,Scolopendromorpha,Cryptopidae,40,blind,yes,36.36452,53.463168,36.36452,53.463168
Cryptops hortensis,Scolopendromorpha,Cryptopidae,30,blind,yes,-42.9070166741101,60.3126005365054,28.2757841144413,60.3126005365054
Cryptops japonicus,Scolopendromorpha,Cryptopidae,25,blind,yes,10.38,53.554151,10.38,53.554151
Cryptops niuensis,Scolopendromorpha,Cryptopidae,20,blind,yes,-19.1553060969497,-16.86633,-19.1553060969497,-16.86633
Cryptops parisi,Scolopendromorpha,Cryptopidae,30,blind,yes,34.9199876978896,60.3126005365054,34.9199876978896,60.3126005365054
Cryptops pictus,Scolopendromorpha,Cryptopidae,29,blind,yes,-23.22175,-17.68686,-23.22175,-17.68686
Digitipes barnabasi,Scolopendromorpha,Scolopendridae,66,not blind,yes,8.86194,19.1323,8.86194,19.1323
Digitipes coonoorensis,Scolopendromorpha,Scolopendridae,64,not blind,yes,8.87275,13.13392,8.87275,13.13392
Digitipes jangii,Scolopendromorpha,Scolopendridae,47,not blind,yes,12.38891,17.91192,12.38891,17.91192
Digitipes jonesii,Scolopendromorpha,Scolopendridae,55,not blind,yes,8.65853,11.5153,8.65853,11.5153
Digitipes kalewaensis,Scolopendromorpha,Scolopendridae,47,not blind,yes,23.2145,23.2145,23.2145,23.2145
Digitipes nudus,Scolopendromorpha,Scolopendridae,58,not blind,yes,9.5286,13.20052,9.5286,13.20052
Ethmostigmus praveeni,Scolopendromorpha,Scolopendridae,100,not blind,yes,12.72381,14.11582,12.72381,14.11582
Ethmostigmus sahyadrensis,Scolopendromorpha,Scolopendridae,90,not blind,yes,15.94495,17.9174,15.94495,17.9174
Ethmostigmus tristis,Scolopendromorpha,Scolopendridae,105,not blind,yes,11.30493,11.77625,11.30493,11.77625
Eupolybothrus cavernicolus,Lithobiomorpha,Lithobiidae,30,not blind,no,44.00027778,44.00355556,44.00027778,44.00355556
Eupolybothrus gloriastygis,Lithobiomorpha,Lithobiidae,15,not blind,no,41.2344859889305,46.5037509222198,41.2344859889305,46.5037509222198
Eupolybothrus leostygis,Lithobiomorpha,Lithobiidae,40,not blind,no,42.4799913600293,46.5037509222198,42.4799913600293,46.5037509222198
Eupolybothrus nudicornis,Lithobiomorpha,Lithobiidae,48,not blind,no,31.172646,44.659915,31.172646,44.659915
Eupolybothrus obrovensis,Lithobiomorpha,Lithobiidae,17,not blind,no,36.6199872909954,47.1153931748264,36.6199872909954,47.1153931748264
Eupolybothrus tridentinus,Lithobiomorpha,Lithobiidae,20,not blind,no,36.6199872909954,54.983104153048,36.6199872909954,54.983104153048
Geophilomorpha sp.,Geophilomorpha,,,blind,yes,-36.2154,-36.2018,-36.2154,-36.2018
Geophilus alpinus,Geophilomorpha,Geophilidae,52,blind,yes,42.4948,61.776,42.4948,61.776
Geophilus carpophagus,Geophilomorpha,Geophilidae,60,blind,yes,15.0852786706885,60.5084352149924,15.0852786706885,60.5084352149924
Geophilus electricus,Geophilomorpha,Geophilidae,45,blind,yes,42.92972,62.7785299391425,42.92972,62.7785299391425
Geophilus flavus,Geophilomorpha,Geophilidae,45,blind,yes,41.387837,65.43146,41.387837,65.43146
Geophilus proximus,Geophilomorpha,Geophilidae,40,blind,yes,43.3908,70.622924802519,43.3908,70.622924802519
Harpolithobius anodus,Lithobiomorpha,Lithobiidae,15,not blind,no,34.9199876978896,54.9831,34.9199876978896,54.9831
Henia vesuviana,Geophilomorpha,Geophilidae,95,blind,yes,40.41785,53.208804,40.41785,53.208804
Henicops maculatus,Lithobiomorpha,Henicopidae,20,not blind,no,-47.289709,-33.55,-47.289709,-33.55
Hessebius luquensis,Lithobiomorpha,Lithobiidae,13,not blind,no,34.43277,34.75277,34.43277,34.75277
Hessebius prospinosus,Lithobiomorpha,Lithobiidae,15.8,not blind,no,31.6018,39.21423,31.6018,39.21423
Hessebius ruoergaiensis,Lithobiomorpha,Lithobiidae,10,not blind,no,33.397,33.397,33.397,33.397
Lamyctes africanus,Lithobiomorpha,Henicopidae,10,not blind,no,-35.0289559028201,54.8295,-35.0289559028201,54.8295
Lamyctes coeculus,Lithobiomorpha,Henicopidae,5,blind,no,-33.55,57.72958,-33.55,57.72958
Lamyctes emarginatus,Lithobiomorpha,Henicopidae,11,not blind,no,-32.6275101200006,61.23333,-32.6275101200006,61.23333
Lithobius aeruginosus,Lithobiomorpha,Lithobiidae,11,not blind,no,34.91999,55.4288048529948,34.91999,55.4288048529948
Lithobius agilis,Lithobiomorpha,Lithobiidae,12,not blind,no,34.91999,57.4084409067957,34.91999,57.4084409067957
Lithobius austriacus,Lithobiomorpha,Lithobiidae,10,not blind,no,45.4523163925932,54.983104153048,45.4523163925932,54.983104153048
Lithobius borealis,Lithobiomorpha,Lithobiidae,13,not blind,no,31.172646,61.112604,31.172646,61.112604
Lithobius calcaratus,Lithobiomorpha,Lithobiidae,15,not blind,no,35.9468500839615,60.1859003376694,35.9468500839615,60.1859003376694
Lithobius castaneus,Lithobiomorpha,Lithobiidae,23,not blind,no,13.7353376327007,51.1485061712619,13.7353376327007,51.1485061712619
Lithobius crassipes,Lithobiomorpha,Lithobiidae,14,not blind,no,28.2935785,60.5251929610161,28.2935785,60.5251929610161
Lithobius crassipesoides,Lithobiomorpha,Lithobiidae,10.5,not blind,no,35.9468500839615,43.748337714201,35.9468500839615,43.748337714201
Lithobius curtipes,Lithobiomorpha,Lithobiidae,11.5,not blind,no,41.38001,71.1698440903913,41.38001,71.1698440903913
Lithobius dentatus,Lithobiomorpha,Lithobiidae,18,not blind,no,39.7319933752801,56.663283770331,39.7319933752801,56.663283770331
Lithobius erythrocephalus,Lithobiomorpha,Lithobiidae,16,not blind,no,36.160099,61.73052,36.160099,61.73052
Lithobius forficatus,Lithobiomorpha,Lithobiidae,35,not blind,no,3.696833,66.2587956595189,35.8962572218118,66.2587956595189
Lithobius glacialis,Lithobiomorpha,Lithobiidae,15,not blind,no,46.4318173284695,54.983104153048,46.4318173284695,54.983104153048
Lithobius latro,Lithobiomorpha,Lithobiidae,11,not blind,no,34.9199876978896,54.983104153048,34.9199876978896,54.983104153048
Lithobius lucifugus,Lithobiomorpha,Lithobiidae,17,not blind,no,34.9199876978896,57.475084,34.9199876978896,57.475084
Lithobius macilentus,Lithobiomorpha,Lithobiidae,14,not blind,no,35.94685,59.990583,35.94685,59.990583
Lithobius maqinensis,Lithobiomorpha,Lithobiidae,14.6,not blind,no,34.40551,34.43184,34.40551,34.43184
Lithobius melanops,Lithobiomorpha,Lithobiidae,17.5,not blind,no,28.2935785,62.611511,28.2935785,62.611511
Lithobius microps,Lithobiomorpha,Lithobiidae,9.5,not blind,no,34.91999,53.1301075349112,34.91999,53.1301075349112
Lithobius mutabilis,Lithobiomorpha,Lithobiidae,17,not blind,no,40.515205,52.2302298697624,40.515205,52.2302298697624
Lithobius muticus,Lithobiomorpha,Lithobiidae,17,not blind,no,34.9199876978896,58.6350001084663,34.9199876978896,58.6350001084663
Lithobius nodulipes,Lithobiomorpha,Lithobiidae,15,not blind,no,36.6199872909954,54.983104153048,36.6199872909954,54.983104153048
Lithobius pelidnus,Lithobiomorpha,Lithobiidae,16,not blind,no,34.9199876978896,57.5913749028293,34.9199876978896,57.5913749028293
Lithobius piceus,Lithobiomorpha,Lithobiidae,25,not blind,no,35.8215347356537,58.6350001084663,35.8215347356537,58.6350001084663
Lithobius pygmaeus,Lithobiomorpha,Lithobiidae,8.5,not blind,no,45.4523163925932,54.983104153048,45.4523163925932,54.983104153048
Lithobius schuleri,Lithobiomorpha,Lithobiidae,16,not blind,no,34.9199876978896,54.983104153048,34.9199876978896,54.983104153048
Lithobius tenebrosus,Lithobiomorpha,Lithobiidae,16,not blind,no,34.91999,66.9778384072277,34.91999,66.9778384072277
Lithobius tricuspis,Lithobiomorpha,Lithobiidae,16,not blind,no,35.9468500839615,58.6350001084663,35.9468500839615,58.6350001084663
Lithobius valesiacus,Lithobiomorpha,Lithobiidae,13,not blind,no,43.93448,48.562,43.93448,48.562
Mecistocephalus marmoratus,Geophilomorpha,Mecistocephalidae,52,blind,yes,21.8978288944026,35.68284,21.8978288944026,35.68284
Mecistocephalus multidentatus,Geophilomorpha,Mecistocephalidae,45,blind,yes,21.8978288944026,25.2964376810442,21.8978288944026,25.2964376810442
Mimops orientalis,Scolopendromorpha,Mimopidae,46,not blind,yes,32.45416,35.0345,32.45416,35.0345
Otostigmus aculeatus,Scolopendromorpha,Scolopendridae,58,not blind,yes,-8.780418,30.12843,-8.780418,30.12843
Otostigmus astenus,Scolopendromorpha,Scolopendridae,40,not blind,yes,-21.47322,32.61172,-21.47322,32.61172
Otostigmus multidens,Scolopendromorpha,Scolopendridae,48,not blind,yes,-10.7016925,19.2047777777778,-10.7016925,19.2047777777778
Otostigmus ruficeps,Scolopendromorpha,Scolopendridae,36,not blind,yes,9.07171,12.73057,9.07171,12.73057
Otostigmus rugulosus,Scolopendromorpha,Scolopendridae,34,not blind,yes,-20.5029442390983,33.25567,-20.5029442390983,33.25567
Otostigmus scaber,Scolopendromorpha,Scolopendridae,44,not blind,yes,-3.584461,48.46524,-3.584461,48.46524
Otostigmus sp. A,Scolopendromorpha,Scolopendridae,,not blind,yes,11.55725,16.50642,11.55725,16.50642
Otostigmus sp. B,Scolopendromorpha,Scolopendridae,,not blind,yes,11.55725,12.49419,11.55725,12.49419
Otostigmus spinosus,Scolopendromorpha,Scolopendridae,45,not blind,yes,-8.780418,28.547835,-8.780418,28.547835
Otostigmus sulcipes,Scolopendromorpha,Scolopendridae,43,not blind,yes,1.33630996704344,21.16664,1.33630996704344,21.16664
Pachymerium ferrugineum,Geophilomorpha,Geophilidae,50,blind,yes,-27.1099352884352,66.9298800453551,-27.1099352884352,66.9298800453551
Paralamyctes validus,Lithobiomorpha,Henicopidae,15,not blind,no,-46.6412354469679,-34.4506617164503,-46.6412354469679,-34.4506617164503
Parascutigera latericia,Scutigeromorpha,Scutigeridae,15,not blind,no,-22.3999760881469,-20.1056458472524,-22.3999760881469,-20.1056458472524
Parascutigera sphinx,Scutigeromorpha,Scutigeridae,20,not blind,no,-32.7626350243,-32.11271,-32.7626350243,-32.11271
Rhysida immarginata,Scolopendromorpha,Scolopendridae,80,not blind,yes,-22.8729187964822,28.547835,-22.8729187964822,28.547835
Rhysida lewisi,Scolopendromorpha,Scolopendridae,45,not blind,yes,12.4054972222222,16.29166,12.4054972222222,16.29166
Rhysida longipes,Scolopendromorpha,Scolopendridae,50,not blind,yes,-20.422517,25.407578,-20.422517,25.407578
Rhysida pazhuthara,Scolopendromorpha,Scolopendridae,50,not blind,yes,8.66444444444445,8.95346,8.66444444444445,8.95346
Rhysida singaporensis,Scolopendromorpha,Scolopendridae,90,not blind,yes,-8.41759681970472,1.3546901,-8.41759681970472,1.3546901
Rhysida sp. 1,Scolopendromorpha,Scolopendridae,60,not blind,yes,10.96864,12.600066,10.96864,12.600066
Rhysida trispinosa,Scolopendromorpha,Scolopendridae,80,not blind,yes,8.67988611111111,15.979,8.67988611111111,15.979
Schendyla nemorensis,Geophilomorpha,Schendylidae,20,blind,yes,34.66667,62.1155977080313,34.66667,62.1155977080313
Scolopendra calcarata,Scolopendromorpha,Scolopendridae,53,not blind,yes,9.06886795,24.5,9.06886795,24.5
Scolopendra canidens,Scolopendromorpha,Scolopendridae,80,not blind,yes,29.1887699949288,43.824211,29.1887699949288,43.824211
Scolopendra cingulata,Scolopendromorpha,Scolopendridae,150,not blind,yes,1.33630996704344,48.271294,1.33630996704344,48.271294
Scolopendra dawydoffi,Scolopendromorpha,Scolopendridae,162,not blind,yes,4.54673845356782,23.144462,4.54673845356782,23.144462
Scolopendra dehaani,Scolopendromorpha,Scolopendridae,250,not blind,yes,-6.199726,23.7202901118565,-6.199726,23.7202901118565
Scolopendra hainanum,Scolopendromorpha,Scolopendridae,160,not blind,yes,20.0237563720643,22.272958,20.0237563720643,22.272958
Scolopendra japonica,Scolopendromorpha,Scolopendridae,130,not blind,yes,-0.1432942,36.2382,-0.1432942,36.2382
Scolopendra mojiangica,Scolopendromorpha,Scolopendridae,150,not blind,yes,23.4373305,23.5,23.4373305,23.5
Scolopendra morsitans,Scolopendromorpha,Scolopendridae,120,not blind,yes,-37.81422,33.843941,-37.81422,33.843941
Scolopendra multidens,Scolopendromorpha,Scolopendridae,114,not blind,yes,-6.5621328677113,25.816849,-6.5621328677113,25.816849
Scolopendra mutilans,Scolopendromorpha,Scolopendridae,160,not blind,yes,24.63,35.44499,24.63,35.44499
Scolopendra negrocapitis,Scolopendromorpha,Scolopendridae,75,not blind,yes,31,31.691143,31,31.691143
Scolopendra paradoxa,Scolopendromorpha,Scolopendridae,140,not blind,yes,13.27769,16.86603,13.27769,16.86603
Scolopendra pinguis,Scolopendromorpha,Scolopendridae,85,not blind,yes,-6.307359,20.69906,-6.307359,20.69906
Scolopendra subspinipes,Scolopendromorpha,Scolopendridae,160,not blind,yes,-21.1392536323249,32.7037922441463,-4.40623892936827,32.7037922441463
Scolopocryptops capillipedatus,Scolopendromorpha,Scolopocryptopidae,20,blind,yes,22.166621,41.5274740961906,22.166621,41.5274740961906
Scolopocryptops rubiginosus,Scolopendromorpha,Scolopocryptopidae,45,blind,yes,18.2864672043405,44.4694099399066,18.2864672043405,41.9078628478324
Scutigera coleoptrata,Scutigeromorpha,Scutigeridae,35,not blind,no,-33.883,60.07663,28.2757841144413,60.07663
Stenotaenia linearis,Geophilomorpha,Geophilidae,43,blind,yes,42.4045,60.3126005365054,42.4045,60.3126005365054
Stenotaenia sorrentina,Geophilomorpha,Geophilidae,42,blind,yes,36.61999,48.22088,36.61999,48.22088
Sterropristes metallicus,Scolopendromorpha,Scolopendridae,43,not blind,yes,5.435806,11.55725,5.435806,11.55725
Strigamia acuminata,Geophilomorpha,Geophilidae,30,blind,yes,34.813018,54.350322,34.813018,54.350322
Strigamia crassipes,Geophilomorpha,Geophilidae,50,blind,yes,37.68911,59.9382722389201,37.68911,59.9382722389201
Theatops erythrocephalus,Scolopendromorpha,Plutoniumidae,40,blind,yes,35.94685,46.50375,35.94685,46.50375
Clinopodes carinthiacus,Geophilomorpha,Geophilidae,35,blind,yes,41.258022754287,46.75,41.258022754287,46.75
Dicellophilus carniolensis,Geophilomorpha,Mecistocephalidae,60,blind,yes,42.3211789362218,49.8811060715499,42.3211789362218,49.8811060715499
Schendyla armata,Geophilomorpha,Schendylidae,11,blind,yes,38.8641473553671,45.539,38.8641473553671,45.539
Schendyla tyrolensis,Geophilomorpha,Schendylidae,32,blind,yes,39.6919767606731,50.6119252252698,39.6919767606731,50.6119252252698
Strigamia chionophila,Geophilomorpha,Geophilidae,25,blind,yes,33.7110282948079,61.8714374981053,33.7110282948079,61.8714374981053
Anopsobius neozelanicus,Lithobiomorpha,Henicopidae,9,not blind,no,-50.9316078725812,-34.3936007069733,-50.9316078725812,-34.3936007069733
Lithobius subtilis,Lithobiomorpha,Lithobiidae,11.5,not blind,no,41.181833256213,52.4049532292853,41.181833256213,52.4049532292853
Lithobius variegatus,Lithobiomorpha,Lithobiidae,30,not blind,no,42.0628218819512,57.618662,42.0628218819512,57.618662
Cryptops hortensis_rucneri,Scolopendromorpha,Cryptopidae,22,blind,yes,42.4046502307814,45.7124517899026,42.4046502307814,45.7124517899026
Hemiscolopendra marginata,Scolopendromorpha,Scolopendridae,57,not blind,yes,17.172049,39.2080021576336,17.172049,39.2080021576336
Scutigerina weberi,Scutigeromorpha,Scutigerinidae,20,not blind,no,-34.2251875614988,-18.4147059501213,-34.2251875614988,-18.4147059501213
